Title,feature,Pillar,Instructor,Difficulty,Duration,Tags
a comprehensive guide to essential vitamins and minerals,nutrition iain mcbride education intermediate 6-15 minno Guide Wellness Education Comprehensive Nutrition Minerals Essential Vitamins Health text video,nutrition,iain mcbride,intermediate,6-15 min,"Guide, Wellness, Education, Comprehensive, Nutrition, Minerals, Essential, Vitamins, Health"
a comprehensive guide to nutritional balance,nutrition jess vergeer education intermediate 6-15 minno Guide Wellness Education Comprehensive Nutrition Balance Health text video,nutrition,jess vergeer,intermediate,6-15 min,"Guide, Wellness, Education, Comprehensive, Nutrition, Balance, Health"
a comprehensive guide to nutritional basics,nutrition jess vergeer education intermediate 6-15 minno Guide Wellness Education Comprehensive Nutrition Basics Health text video,nutrition,jess vergeer,intermediate,6-15 min,"Guide, Wellness, Education, Comprehensive, Nutrition, Basics, Health"
a comprehensive guide to nutritional essentials,nutrition jess vergeer education intermediate 6-15 minno Guide Wellness Education Essential Comprehensive Nutrition Health text video,nutrition,jess vergeer,intermediate,6-15 min,"Guide, Wellness, Education, Essential, Comprehensive, Nutrition, Health"
a comprehensive guide to vitamins and minerals,nutrition iain mcbride education intermediate 6-15 minno Guide Wellness Education Comprehensive Nutrition Minerals Vitamins Health text video,nutrition,iain mcbride,intermediate,6-15 min,"Guide, Wellness, Education, Comprehensive, Nutrition, Minerals, Vitamins, Health"
advanced hiit workout challenge,activity mark boateng fitness expert 30+ minyes Challenge Hiit Fitness video,activity,mark boateng,expert,30+ min,"Challenge, Hiit, Fitness"
advanced strength training routine,activity bao fitness expert 30+ minyes Training Strength Routine video,activity,bao,expert,30+ min,"Training, Strength, Routine"
advanced yoga flow,activity rest jess vergeer fitness expert 30+ minyes Strength Flexibility Balance video,"activity, rest",jess vergeer,expert,30+ min,"Strength, Flexibility, Balance"
affirmations for boosting self-confidence,beauty bao affirmation beginner 1-5 minno Growth Self-confidence Affirmation Positive Personal development Boosting Empowerment Esteem audio,beauty,bao,beginner,1-5 min,"Growth, Self-confidence, Affirmation, Positive, Personal development, Boosting, Empowerment, Esteem"
affirmations for building confidence,beauty jess vergeer iain mcbride affirmation beginner 1-5 minno Growth Self-esteem Positive Building Personal development Confidence Motivation Empowerment audio,beauty,"jess vergeer, iain mcbride",beginner,1-5 min,"Growth, Self-esteem, Positive, Building, Personal development, Confidence, Motivation, Empowerment"
affirmations for cultivating self-love,beauty jess vergeer affirmation beginner 1-5 minno Growth Affirmation Self-love Positive Personal development Cultivating Empowerment Esteem audio,beauty,jess vergeer,beginner,1-5 min,"Growth, Affirmation, Self-love, Positive, Personal development, Cultivating, Empowerment, Esteem"
affirmations for embracing self-love,beauty bao affirmation beginner 1-5 minno Growth Affirmation Empowerment Self-love Positive Personal development Confidence Embracing audio,beauty,bao,beginner,1-5 min,"Growth, Affirmation, Empowerment, Self-love, Positive, Personal development, Confidence, Embracing"
affirmations for self-esteem,beauty bao affirmation beginner 1-5 minno Positive Confidence Self-esteem audio,beauty,bao,beginner,1-5 min,"Positive, Confidence, Self-esteem"
affirmations for a positive morning,beauty julie chinmayi affirmation beginner 1 min shorts Morning Day Positive Energyy Sunrise Motivation audio text,beauty,julie chinmayi,beginner,<1 min (shorts),"Morning, Day, Positive, Energyy, Sunrise, Motivation"
an in-depth guide to essential nutrients,nutrition jess vergeer education intermediate 6-15 minno Guide Wellness Education Nutrition In-depth Essential Health text video,nutrition,jess vergeer,intermediate,6-15 min,"Guide, Wellness, Education, Nutrition, In-depth, Essential, Health"
an in-depth guide to vitamins and minerals,nutrition jess vergeer iain mcbride education intermediate 6-15 minno Guide Wellness Education Nutrition Minerals In-depth Vitamins Health text video,nutrition,"jess vergeer, iain mcbride",intermediate,6-15 min,"Guide, Wellness, Education, Nutrition, Minerals, In-depth, Vitamins, Health"
begin your day with empowering affirmations,beauty sophon affirmation beginner 1 min shorts Morning Begin Empowerment Day Affirmation Positive Energyy Motivation audio text,beauty,sophon,beginner,<1 min (shorts),"Morning, Begin, Empowerment, Day, Affirmation, Positive, Energyy, Motivation"
body positivity affirmations,beauty iain mcbride affirmation beginner 1-5 minno Body positive Self-love Confidence audio,beauty,iain mcbride,beginner,1-5 min,"Body positive, Self-love, Confidence"
boosting positivity with daily affirmations,beauty walerija affirmation beginner 1-5 minno Daily Growth Affirmation Positive Personal development Boosting Empowerment Esteem audio,beauty,walerija,beginner,1-5 min,"Daily, Growth, Affirmation, Positive, Personal development, Boosting, Empowerment, Esteem"
building self-esteem with positive affirmations,beauty jess vergeer affirmation beginner 1-5 minno Growth Self-esteem Affirmation Building Positive Personal development Confidence Empowerment audio,beauty,jess vergeer,beginner,1-5 min,"Growth, Self-esteem, Affirmation, Building, Positive, Personal development, Confidence, Empowerment"
cardio dance workout,activity walerija fitness intermediate 15 30 minyes Fun Dance Cardio video,activity,walerija,intermediate,15 - 30 min,"Fun, Dance, Cardio"
cardio kickboxing workout,activity walerija fitness intermediate 30+ minyes High intensity Cardio Kickboxing video,activity,walerija,intermediate,30+ min,"High intensity, Cardio, Kickboxing"
cultivating positivity with daily affirmations,beauty bao affirmation beginner 1-5 minno Daily Growth Affirmation Positive Personal development Cultivating Empowerment Esteem audio,beauty,bao,beginner,1-5 min,"Daily, Growth, Affirmation, Positive, Personal development, Cultivating, Empowerment, Esteem"
daily mindfulness practice techniques,beauty rest ola kwiatkowska meditation mindfulness intermediate 15 30 minno Daily Awareness Techniques Peace Calm Presence Mindfulness Practice audio visualization,"beauty, rest",ola kwiatkowska,intermediate,15 - 30 min,"Daily, Awareness, Techniques, Peace, Calm, Presence, Mindfulness, Practice"
deep relaxation guided meditation,beauty rest julie chinmayi meditation mind body beginner 15 30 minno Yoga Relaxation Mindfulness audio visualization,"beauty, rest",julie chinmayi,beginner,15 - 30 min,"Yoga, Relaxation, Mindfulness"
deep sleep music therapy,rest ola kwiatkowska nature sounds ambient music beginner 30+ minno Music Sleep Therapy audio,rest,ola kwiatkowska,beginner,30+ min,"Music, Sleep, Therapy"
delicious and nutritious plant-based recipes,nutrition iain mcbride recipes beginner 6-15 minno Kitchen Vegan Delicious Cooking Plant-based Nutrition Recipe Health text video,nutrition,iain mcbride,beginner,6-15 min,"Kitchen, Vegan, Delicious, Cooking, Plant-based, Nutrition, Recipe, Health"
demystifying the benefits of plant-based proteins,nutrition jess vergeer iain mcbride education beginner 1-5 minno Diet Vegan Nutrition Demystifying Plant-based Benefits Protein Health text video,nutrition,"jess vergeer, iain mcbride",beginner,1-5 min,"Diet, Vegan, Nutrition, Demystifying, Plant-based, Benefits, Protein, Health"
discover the joy of cooking nutritious meals,nutrition jess vergeer recipes intermediate 15 30 minno Meal Kitchen Planning Nutrition Cooking Joy Discover text video,nutrition,jess vergeer,intermediate,15 - 30 min,"Meal, Kitchen, Planning, Nutrition, Cooking, Joy, Discover"
drift into sleep with forest sounds,rest iain mcbride nature sounds ambient music beginner 30+ minno Forest Drift Peace Calm Nature Sleep Sounds Deep audio,rest,iain mcbride,beginner,30+ min,"Forest, Drift, Peace, Calm, Nature, Sleep, Sounds, Deep"
embracing positivity with morning affirmations,beauty julie chinmayi affirmation beginner 1-5 minno Morning Growth Affirmation Positive Empowerment Personal development Embracing Esteem audio,beauty,julie chinmayi,beginner,1-5 min,"Morning, Growth, Affirmation, Positive, Empowerment, Personal development, Embracing, Esteem"
empowerment through self-love affirmations,beauty iain mcbride affirmation beginner 1-5 minno Wellness Mental health Self-esteem Positive Self-love Confidence Motivation Empowerment audio,beauty,iain mcbride,beginner,1-5 min,"Wellness, Mental health, Self-esteem, Positive, Self-love, Confidence, Motivation, Empowerment"
energetic cardio salsa workout,activity walerija fitness intermediate 15 30 minyes Cardio Music Energyetic Exercise Dance Fun Rhythm Salsa video,activity,walerija,intermediate,15 - 30 min,"Cardio, Music, Energyetic, Exercise, Dance, Fun, Rhythm, Salsa"
energize your day with a fun cardio dance workout,activity nitti fitness intermediate 15 30 minyes Cardio Day Workout Exercise Energyize Dance Fun Rhythm video,activity,nitti,intermediate,15 - 30 min,"Cardio, Day, Workout, Exercise, Energyize, Dance, Fun, Rhythm"
energize your morning with a fun zumba workout,activity walerija fitness intermediate 15 30 minyes Morning Zumba Energyy Workout Exercise Energyize Dance Fun video,activity,walerija,intermediate,15 - 30 min,"Morning, Zumba, Energyy, Workout, Exercise, Energyize, Dance, Fun"
energizing zumba dance workout,activity walerija fitness intermediate 15 30 minyes Zumba Energyy Exercise Workout Dance Fun Rhythm Energyizing video,activity,walerija,intermediate,15 - 30 min,"Zumba, Energyy, Exercise, Workout, Dance, Fun, Rhythm, Energyizing"
exploring the art of healthy meal preparation,nutrition jess vergeer recipes intermediate 15 30 minno Kitchen Planning Meal Nutrition Exploring Preparationaration Art Healthy text video,nutrition,jess vergeer,intermediate,15 - 30 min,"Kitchen, Planning, Meal, Nutrition, Exploring, Preparationaration, Art, Healthy"
exploring the art of paleo cooking,nutrition jess vergeer recipes intermediate 15 30 minno Kitchen Planning Nutrition Exploring Art Cooking Health Paleo text video,nutrition,jess vergeer,intermediate,15 - 30 min,"Kitchen, Planning, Nutrition, Exploring, Art, Cooking, Health, Paleo"
exploring the benefits of plant-based proteins,nutrition iain mcbride education beginner 1-5 minno Diet Vegan Nutrition Exploring Plant-based Benefits Protein Health text video,nutrition,iain mcbride,beginner,1-5 min,"Diet, Vegan, Nutrition, Exploring, Plant-based, Benefits, Protein, Health"
fast and nutritious plant-based meal recipes,nutrition iain mcbride recipes beginner 6-15 minno Kitchen Vegan Meal Cooking Plant-based Nutrition Fast Recipe text video,nutrition,iain mcbride,beginner,6-15 min,"Kitchen, Vegan, Meal, Cooking, Plant-based, Nutrition, Fast, Recipe"
fostering positivity with daily affirmations,beauty mark boateng affirmation beginner 1-5 minno Daily Growth Affirmation Positive Personal development Fostering Empowerment Esteem audio,beauty,mark boateng,beginner,1-5 min,"Daily, Growth, Affirmation, Positive, Personal development, Fostering, Empowerment, Esteem"
fun cardio dance party workout,activity walerija fitness intermediate 15 30 minyes Cardio Party Energyy Workout Exercise Dance Fun Rhythm video,activity,walerija,intermediate,15 - 30 min,"Cardio, Party, Energyy, Workout, Exercise, Dance, Fun, Rhythm"
get moving with a fun cardio dance,activity walerija fitness intermediate 15 30 minyes Moving Cardio Workout Exercise Dance Fun Rhythm Get video,activity,walerija,intermediate,15 - 30 min,"Moving, Cardio, Workout, Exercise, Dance, Fun, Rhythm, Get"
get your heart pumping with a cardio dance workout,activity nitti fitness intermediate 15 30 minyes Pumping Cardio Energyy Workout Exercise Dance Rhythm Heart video,activity,nitti,intermediate,15 - 30 min,"Pumping, Cardio, Energyy, Workout, Exercise, Dance, Rhythm, Heart"
guide to balanced meals,nutrition jess vergeer recipes intermediate 15 30 minno Nutrition Balance diet Meal text video,nutrition,jess vergeer,intermediate,15 - 30 min,"Nutrition, Balance diet, Meal"
guide to staying hydrated,nutrition iain mcbride education beginner 1-5 minno Hydration Wellness Health text video,nutrition,iain mcbride,beginner,1-5 min,"Hydration, Wellness, Health"
guided meditation for achieving inner calm,beauty rest julie chinmayi meditation mind body beginner 15 30 minno Yoga Relaxation Mindfulness audio visualization,"beauty, rest",julie chinmayi,beginner,15 - 30 min,"Yoga, Relaxation, Mindfulness"
guided meditation for achieving inner harmony,beauty rest julie chinmayi meditation mind body beginner 15 30 minno Yoga Relaxation Mindfulness audio visualization,"beauty, rest",julie chinmayi,beginner,15 - 30 min,"Yoga, Relaxation, Mindfulness"
guided meditation for achieving inner peace,beauty rest julie chinmayi meditation mind body beginner 15 30 minno Yoga Relaxation Mindfulness audio visualization,"beauty, rest",julie chinmayi,beginner,15 - 30 min,"Yoga, Relaxation, Mindfulness"
guided meditation for achieving inner serenity,beauty rest julie chinmayi meditation mind body beginner 15 30 minno Yoga Relaxation Mindfulness audio visualization,"beauty, rest",julie chinmayi,beginner,15 - 30 min,"Yoga, Relaxation, Mindfulness"
guided meditation for achieving serenity,beauty rest julie chinmayi meditation mind body beginner 15 30 minno Yoga Relaxation Mindfulness audio visualization,"beauty, rest",julie chinmayi,beginner,15 - 30 min,"Yoga, Relaxation, Mindfulness"
guided meditation for achieving tranquility,beauty rest julie chinmayi meditation mind body beginner 15 30 minno Yoga Relaxation Mindfulness audio visualization,"beauty, rest",julie chinmayi,beginner,15 - 30 min,"Yoga, Relaxation, Mindfulness"
guided meditation for anxiety,beauty rest julie chinmayi meditation mind body intermediate 15 30 minno Yoga Relaxation Mindfulness audio visualization,"beauty, rest",julie chinmayi,intermediate,15 - 30 min,"Yoga, Relaxation, Mindfulness"
guided meditation for deep relaxation,beauty rest julie chinmayi meditation mind body beginner 15 30 minno Yoga Relaxation Mindfulness audio visualization,"beauty, rest",julie chinmayi,beginner,15 - 30 min,"Yoga, Relaxation, Mindfulness"
guided meditation for deep tranquility,beauty rest julie chinmayi meditation mind body beginner 15 30 minno Yoga Relaxation Mindfulness audio visualization,"beauty, rest",julie chinmayi,beginner,15 - 30 min,"Yoga, Relaxation, Mindfulness"
guided meditation for inner calm,beauty rest julie chinmayi meditation mind body beginner 15 30 minno Yoga Relaxation Mindfulness audio visualization,"beauty, rest",julie chinmayi,beginner,15 - 30 min,"Yoga, Relaxation, Mindfulness"
guided meditation for inner calm and peace,beauty rest julie chinmayi meditation mind body beginner 15 30 minno Yoga Relaxation Mindfulness audio visualization,"beauty, rest",julie chinmayi,beginner,15 - 30 min,"Yoga, Relaxation, Mindfulness"
guided meditation for inner peace,beauty rest julie chinmayi meditation mind body intermediate 15 30 minno Yoga Relaxation Mindfulness audio visualization,"beauty, rest",julie chinmayi,intermediate,15 - 30 min,"Yoga, Relaxation, Mindfulness"
guided meditation for inner peace and tranquility,beauty rest julie chinmayi meditation mind body beginner 15 30 minno Yoga Relaxation Mindfulness audio visualization,"beauty, rest",julie chinmayi,beginner,15 - 30 min,"Yoga, Relaxation, Mindfulness"
guided meditation for mindfulness,beauty rest julie chinmayi meditation mind body intermediate 15 30 minno Yoga Relaxation Mindfulness audio visualization,"beauty, rest",julie chinmayi,intermediate,15 - 30 min,"Yoga, Relaxation, Mindfulness"
hiit workout for advanced fitness,activity nitti fitness expert 30+ minyes Advanced Hiit Fitness video,activity,nitti,expert,30+ min,"Advanced, Hiit, Fitness"
hiit workout for beginners,activity walerija fitness beginner 15 30 minyes Strength High intensity Cardio video,activity,walerija,beginner,15 - 30 min,"Strength, High intensity, Cardio"
hiit workout: the extreme challenge,activity walerija fitness expert 30+ minyes Endurance Hiit Fitness Challenge Workout Exercise Training Extreme video,activity,walerija,expert,30+ min,"Endurance, Hiit, Fitness, Challenge, Workout, Exercise, Training, Extreme"
hiit workout: the ultimate challenge,activity mark boateng fitness expert 30+ minyes Endurance Hiit Fitness Challenge Workout Exercise Ultimate Training video,activity,mark boateng,expert,30+ min,"Endurance, Hiit, Fitness, Challenge, Workout, Exercise, Ultimate, Training"
healthy green smoothie recipe,nutrition iain mcbride recipes beginner 1 min shorts Nutrition Healthy Recipe text video,nutrition,iain mcbride,beginner,<1 min (shorts),"Nutrition, Healthy, Recipe"
healthy meal prep guide,nutrition iain mcbride recipes intermediate 15 30 minno Meal preparation Healthy Nutrition text video,nutrition,iain mcbride,intermediate,15 - 30 min,"Meal preparation, Healthy, Nutrition"
high intensity interval training,activity mark boateng fitness intermediate 30+ minyes High intensity Cardio Fitness video,activity,mark boateng,intermediate,30+ min,"High intensity, Cardio, Fitness"
hydrating smoothie recipe,nutrition iain mcbride recipes beginner 1 min shorts Hydration Smoothie Recipe text video,nutrition,iain mcbride,beginner,<1 min (shorts),"Hydration, Smoothie, Recipe"
hydration tips and tricks,nutrition iain mcbride education beginner 1-5 minno Hydration Tips Wellness text video,nutrition,iain mcbride,beginner,1-5 min,"Hydration, Tips, Wellness"
hydration for health and wellness,nutrition jess vergeer education beginner 1-5 minno Wellness Drink Life Nutrition Hydration Habit Water Health text video,nutrition,jess vergeer,beginner,1-5 min,"Wellness, Drink, Life, Nutrition, Hydration, Habit, Water, Health"
hydration: why it matters,nutrition jess vergeer iain mcbride education beginner 1 min shorts Hydration Wellness Health text,nutrition,"jess vergeer, iain mcbride",beginner,<1 min (shorts),"Hydration, Wellness, Health"
jumpstart your day with an energizing dance workout,activity bao fitness intermediate 15 30 minyes Jumpstart Day Energyy Workout Exercise Dance Rhythm Energyizing video,activity,bao,intermediate,15 - 30 min,"Jumpstart, Day, Energyy, Workout, Exercise, Dance, Rhythm, Energyizing"
kickstart your day with motivational affirmations,beauty bao affirmation beginner 1 min shorts Morning Motivation Affirmation Positive Energyy Kickday audio text,beauty,bao,beginner,<1 min (shorts),"Morning, Motivation, Affirmation, Positive, Energyy, Kickday"
kickstart your morning with a high-energy dance workout,activity walerija fitness intermediate 15 30 minyes Morning Energyy Workout Exercise Kickstart Dance High-energyy Rhythm video,activity,walerija,intermediate,15 - 30 min,"Morning, Energyy, Workout, Exercise, Kickstart, Dance, High-energyy, Rhythm"
mastering healthy meal prepping,nutrition jess vergeer recipes intermediate 15 30 minno Kitchen Planning Mastering Meal Cooking Healthy Preparationping Organization text video,nutrition,jess vergeer,intermediate,15 - 30 min,"Kitchen, Planning, Mastering, Meal, Cooking, Healthy, Preparationping, Organization"
mastering the art of balanced nutrition,nutrition jess vergeer recipes intermediate 15 30 minno Wellness Diet Life Mastering Nutrition Art Balance Health text video,nutrition,jess vergeer,intermediate,15 - 30 min,"Wellness, Diet, Life, Mastering, Nutrition, Art, Balance, Health"
mastering the art of healthy cooking,nutrition iain mcbride recipes intermediate 15 30 minno Kitchen Planning Mastering Nutrition Art Cooking Healthy Health text video,nutrition,iain mcbride,intermediate,15 - 30 min,"Kitchen, Planning, Mastering, Nutrition, Art, Cooking, Healthy, Health"
mastering the art of nutritious cooking,nutrition jess vergeer iain mcbride recipes intermediate 15 30 minno Kitchen Planning Mastering Nutrition Art Cooking Health text video,nutrition,"jess vergeer, iain mcbride",intermediate,15 - 30 min,"Kitchen, Planning, Mastering, Nutrition, Art, Cooking, Health"
mastering the art of nutritious meal planning,nutrition jess vergeer iain mcbride recipes intermediate 15 30 minno Planning Kitchen Mastering Meal Nutrition Art Healthy text video,nutrition,"jess vergeer, iain mcbride",intermediate,15 - 30 min,"Planning, Kitchen, Mastering, Meal, Nutrition, Art, Healthy"
mindful eating: a guide,beauty nutrition walerija education beginner 6-15 minno Mindfulness Healthy Life text video,"beauty, nutrition",walerija,beginner,6-15 min,"Mindfulness, Healthy, Life"
mindful walking practice,beauty activity mark boateng meditation mindfulness beginner 6-15 minyes Mindfulness Walking Outdoor audio,"beauty, activity",mark boateng,beginner,6-15 min,"Mindfulness, Walking, Outdoor"
mindfulness meditation for enhanced focus,beauty rest julie chinmayi meditation mind body intermediate 15 30 minno Yoga Relaxation Mindfulness audio visualization,"beauty, rest",julie chinmayi,intermediate,15 - 30 min,"Yoga, Relaxation, Mindfulness"
mindfulness meditation for focus,beauty rest julie chinmayi meditation mind body intermediate 15 30 minno Yoga Relaxation Mindfulness audio visualization,"beauty, rest",julie chinmayi,intermediate,15 - 30 min,"Yoga, Relaxation, Mindfulness"
mindfulness meditation for improved concentration,beauty rest julie chinmayi meditation mind body intermediate 15 30 minno Yoga Relaxation Mindfulness audio visualization,"beauty, rest",julie chinmayi,intermediate,15 - 30 min,"Yoga, Relaxation, Mindfulness"
mindfulness meditation: finding inner peace,beauty rest julie chinmayi meditation mind body beginner 15 30 minno Yoga Relaxation Mindfulness audio visualization,"beauty, rest",julie chinmayi,beginner,15 - 30 min,"Yoga, Relaxation, Mindfulness"
mindfulness practices for achieving inner balance,beauty rest jess vergeer iain mcbride meditation mindfulness intermediate 15 30 minno Awareness Peace Calm Inner Presence Balance Mindfulness Achieving Practice audio visualization,"beauty, rest","jess vergeer, iain mcbride",intermediate,15 - 30 min,"Awareness, Peace, Calm, Inner, Presence, Balance, Mindfulness, Achieving, Practice"
mindfulness practices for emotional wellbeing,beauty rest bao meditation mindfulness intermediate 15 30 minno Awareness Peace Calm Emotional Wellbeing Presence Mindfulness Practice audio visualization,"beauty, rest",bao,intermediate,15 - 30 min,"Awareness, Peace, Calm, Emotional, Wellbeing, Presence, Mindfulness, Practice"
mindfulness techniques for anxiety,beauty rest jess vergeer iain mcbride meditation mindfulness intermediate 15 30 minno Mindfulness Anxiety Deep audio visualization,"beauty, rest","jess vergeer, iain mcbride",intermediate,15 - 30 min,"Mindfulness, Anxiety, Deep"
mindfulness techniques for anxiety relief,beauty rest iain mcbride meditation mindfulness intermediate 15 30 minno Awareness Techniques Peace Calm Presence Relief Mindfulness Anxiety audio visualization,"beauty, rest",iain mcbride,intermediate,15 - 30 min,"Awareness, Techniques, Peace, Calm, Presence, Relief, Mindfulness, Anxiety"
mindfulness techniques for emotional harmony,beauty rest jess vergeer iain mcbride meditation mindfulness intermediate 15 30 minno Awareness Techniques Peace Harmony Calm Emotional Presence Mindfulness audio visualization,"beauty, rest","jess vergeer, iain mcbride",intermediate,15 - 30 min,"Awareness, Techniques, Peace, Harmony, Calm, Emotional, Presence, Mindfulness"
mindfulness techniques for emotional resilience,beauty rest bao meditation mindfulness intermediate 15 30 minno Awareness Techniques Peace Calm Emotional Presence Resilience Mindfulness audio visualization,"beauty, rest",bao,intermediate,15 - 30 min,"Awareness, Techniques, Peace, Calm, Emotional, Presence, Resilience, Mindfulness"
mindfulness techniques for stress management,beauty rest jess vergeer meditation mindfulness intermediate 15 30 minno Awareness Techniques Peace Calm Presence Management Mindfulness Stress audio visualization,"beauty, rest",jess vergeer,intermediate,15 - 30 min,"Awareness, Techniques, Peace, Calm, Presence, Management, Mindfulness, Stress"
mindfulness for stress relief,beauty rest walerija meditation mindfulness intermediate 15 30 minno Mindfulness Deep Stress audio visualization,"beauty, rest",walerija,intermediate,15 - 30 min,"Mindfulness, Deep, Stress"
morning motivation affirmations,beauty iain mcbride affirmation beginner 1 min shorts Morning Positive Motivation audio text,beauty,iain mcbride,beginner,<1 min (shorts),"Morning, Positive, Motivation"
nutrition basics: understanding macros,nutrition jess vergeer education beginner 6-15 minno Nutrition Education Macros text video,nutrition,jess vergeer,beginner,6-15 min,"Nutrition, Education, Macros"
plant-based diet basics,nutrition jess vergeer education beginner 1-5 minno Diet Basics Plant-based text video,nutrition,jess vergeer,beginner,1-5 min,"Diet, Basics, Plant-based"
plant-based meal ideas,nutrition jess vergeer recipes beginner 6-15 minno Nutrition Meal Plant-based text video,nutrition,jess vergeer,beginner,6-15 min,"Nutrition, Meal, Plant-based"
positive affirmations for confidence,beauty iain mcbride affirmation beginner 1 min shorts Positive Self-love Confidence audio text,beauty,iain mcbride,beginner,<1 min (shorts),"Positive, Self-love, Confidence"
positive affirmations for self-love,beauty jess vergeer iain mcbride affirmation beginner 1-5 minno Affirmation Positive Self-love audio text,beauty,"jess vergeer, iain mcbride",beginner,1-5 min,"Affirmation, Positive, Self-love"
positive affirmations for the morning,beauty walerija affirmation beginner 1 min shorts Morning Positive Motivation audio text,beauty,walerija,beginner,<1 min (shorts),"Morning, Positive, Motivation"
practicing mindfulness for stress relief,beauty rest bao meditation mindfulness intermediate 15 30 minno Awareness Practice Peace Calm Presence Relief Mindfulness Stress audio visualization,"beauty, rest",bao,intermediate,15 - 30 min,"Awareness, Practice, Peace, Calm, Presence, Relief, Mindfulness, Stress"
practicing mindfulness in daily life,beauty rest jess vergeer iain mcbride meditation mindfulness intermediate 15 30 minno Daily Awareness Practice Peace Calm Presence Mindfulness Life audio visualization,"beauty, rest","jess vergeer, iain mcbride",intermediate,15 - 30 min,"Daily, Awareness, Practice, Peace, Calm, Presence, Mindfulness, Life"
quick and delicious paleo meal ideas,nutrition jess vergeer recipes beginner 6-15 minno Kitchen Meal Delicious Cooking Healthy Ideas Quick Paleo text video,nutrition,jess vergeer,beginner,6-15 min,"Kitchen, Meal, Delicious, Cooking, Healthy, Ideas, Quick, Paleo"
quick and delicious plant-based meal ideas,nutrition jess vergeer iain mcbride recipes beginner 6-15 minno Kitchen Vegan Meal Delicious Cooking Plant-based Ideas Quick text video,nutrition,"jess vergeer, iain mcbride",beginner,6-15 min,"Kitchen, Vegan, Meal, Delicious, Cooking, Plant-based, Ideas, Quick"
quick and easy plant-based recipes,nutrition iain mcbride recipes beginner 6-15 minno Easy Plant-based Quick text video,nutrition,iain mcbride,beginner,6-15 min,"Easy, Plant-based, Quick"
quick and healthy plant-based meal ideas,nutrition jess vergeer iain mcbride recipes beginner 6-15 minno Kitchen Vegan Meal Cooking Plant-based Healthy Ideas Quick text video,nutrition,"jess vergeer, iain mcbride",beginner,6-15 min,"Kitchen, Vegan, Meal, Cooking, Plant-based, Healthy, Ideas, Quick"
quick and healthy plant-based meal inspirations,nutrition iain mcbride recipes beginner 6-15 minno Kitchen Vegan Meal Cooking Plant-based Healthy Inspirations Quick text video,nutrition,iain mcbride,beginner,6-15 min,"Kitchen, Vegan, Meal, Cooking, Plant-based, Healthy, Inspirations, Quick"
quick and healthy plant-based meal prep ideas,nutrition iain mcbride recipes beginner 6-15 minno Kitchen Meal Cooking Plant-based Healthy Quick Ideas Preparation text video,nutrition,iain mcbride,beginner,6-15 min,"Kitchen, Meal, Cooking, Plant-based, Healthy, Quick, Ideas, Preparation"
quick and nutritious plant-based meal ideas,nutrition jess vergeer recipes beginner 6-15 minno Kitchen Vegan Meal Cooking Plant-based Nutrition Ideas Quick text video,nutrition,jess vergeer,beginner,6-15 min,"Kitchen, Vegan, Meal, Cooking, Plant-based, Nutrition, Ideas, Quick"
quick and nutritious plant-based recipes,nutrition iain mcbride recipes beginner 6-15 minno Kitchen Vegan Cooking Plant-based Nutrition Quick Recipe text video,nutrition,iain mcbride,beginner,6-15 min,"Kitchen, Vegan, Cooking, Plant-based, Nutrition, Quick, Recipe"
quick and tasty plant-based meal recipes,nutrition iain mcbride recipes beginner 6-15 minno Kitchen Vegan Meal Cooking Plant-based Quick Recipe Tasty text video,nutrition,iain mcbride,beginner,6-15 min,"Kitchen, Vegan, Meal, Cooking, Plant-based, Quick, Recipe, Tasty"
relax with the sounds of a gentle rain,rest iain mcbride nature sounds ambient music beginner 30+ minno Peace Calm Deep Nature Rain Relax Sounds Gentle audio,rest,iain mcbride,beginner,30+ min,"Peace, Calm, Deep, Nature, Rain, Relax, Sounds, Gentle"
relax with the sounds of a serene waterfall,rest sophon nature sounds ambient music beginner 30+ minno Serene Peace Waterfall Calm Nature Relax Sounds Deep audio,rest,sophon,beginner,30+ min,"Serene, Peace, Waterfall, Calm, Nature, Relax, Sounds, Deep"
restful sleep with ambient sounds,rest iain mcbride nature sounds ambient music beginner 30+ minno Ambient Deep Sleep audio,rest,iain mcbride,beginner,30+ min,"Ambient, Deep, Sleep"
restorative yoga session,rest activity walerija fitness beginner 30+ minyes Flexibility Balance Deep video,"rest, activity",walerija,beginner,30+ min,"Flexibility, Balance, Deep"
restorative yoga for better sleep,rest activity nitti fitness beginner 15 30 minyes Wellness Yoga Peace Calm Sleep Restorative Better Deep video,"rest, activity",nitti,beginner,15 - 30 min,"Wellness, Yoga, Peace, Calm, Sleep, Restorative, Better, Deep"
restorative yoga for deep relaxation,rest activity sophon fitness beginner 15 30 minyes Wellness Yoga Deep Peace Calm Restorative video,"rest, activity",sophon,beginner,15 - 30 min,"Wellness, Yoga, Deep, Peace, Calm, Restorative"
restorative yoga for deep sleep,rest activity iain mcbride fitness beginner 15 30 minyes Wellness Yoga Deep Calm Balance Sleep Restorative video,"rest, activity",iain mcbride,beginner,15 - 30 min,"Wellness, Yoga, Deep, Calm, Balance, Sleep, Restorative"
restorative yoga for relaxation,rest activity mark boateng fitness beginner 15 30 minyes Restorative Yoga Deep video,"rest, activity",mark boateng,beginner,15 - 30 min,"Restorative, Yoga, Deep"
restorative yoga for a deep night's sleep,rest activity ola kwiatkowska fitness beginner 15 30 minyes Wellness Yoga Deep Calm Night Sleep Restorative video,"rest, activity",ola kwiatkowska,beginner,15 - 30 min,"Wellness, Yoga, Deep, Calm, Night, Sleep, Restorative"
restorative yoga for a peaceful night's sleep,rest activity julie chinmayi fitness beginner 15 30 minyes Wellness Yoga Peace Calm Night Sleep Restorative Deep video,"rest, activity",julie chinmayi,beginner,15 - 30 min,"Wellness, Yoga, Peace, Calm, Night, Sleep, Restorative, Deep"
restorative yoga for a restful night's sleep,rest activity nitti fitness beginner 15 30 minyes Wellness Yoga Calm Deep Night Sleep Restorative Restful video,"rest, activity",nitti,beginner,15 - 30 min,"Wellness, Yoga, Calm, Deep, Night, Sleep, Restorative, Restful"
self-love affirmations,beauty mark boateng affirmation beginner 1-5 minno Wellness Positive Self-love audio,beauty,mark boateng,beginner,1-5 min,"Wellness, Positive, Self-love"
sleep better: ambient music,rest ola kwiatkowska nature sounds ambient music beginner 30+ minno Music Deep Sleep audio,rest,ola kwiatkowska,beginner,30+ min,"Music, Deep, Sleep"
sleep enhancing ambient music,rest walerija nature sounds ambient music beginner 30+ minno Music Deep Sleep audio,rest,walerija,beginner,30+ min,"Music, Deep, Sleep"
sleep enhancing sounds of the rainforest,rest nitti nature sounds ambient music beginner 30+ minno Rainforest Peace Calm Enhancing Nature Sleep Sounds Deep audio,rest,nitti,beginner,30+ min,"Rainforest, Peace, Calm, Enhancing, Nature, Sleep, Sounds, Deep"
sleep peacefully with ambient forest sounds,rest sophon nature sounds ambient music beginner 30+ minno Peacely Forest Calm Nature Ambient Sounds Sleep Deep audio,rest,sophon,beginner,30+ min,"Peacely, Forest, Calm, Nature, Ambient, Sounds, Sleep, Deep"
sleep soundly with ocean waves,rest sophon nature sounds ambient music beginner 30+ minno Sounds Peace Calm Nature Waves Ocean Sleep Deep audio,rest,sophon,beginner,30+ min,"Sounds, Peace, Calm, Nature, Waves, Ocean, Sleep, Deep"
sleep soundly with soothing rain sounds,rest iain mcbride nature sounds ambient music beginner 30+ minno Soothing Sounds Calm Rain Nature Sleep Deep audio,rest,iain mcbride,beginner,30+ min,"Soothing, Sounds, Calm, Rain, Nature, Sleep, Deep"
soothing sleep with nature sounds,rest julie chinmayi nature sounds ambient music beginner 30+ minno Wellness Soothing Night Peace Calm Nature Sleep Deep audio,rest,julie chinmayi,beginner,30+ min,"Wellness, Soothing, Night, Peace, Calm, Nature, Sleep, Deep"
start your day right with positive affirmations,beauty walerija affirmation beginner 1 min shorts Right Morning Day Affirmation Positive Motivation audio text,beauty,walerija,beginner,<1 min (shorts),"Right, Morning, Day, Affirmation, Positive, Motivation"
start your day with positive affirmations,beauty mark boateng affirmation beginner 1 min shorts Morning Day Affirmation Positive Energyy Motivation audio text,beauty,mark boateng,beginner,<1 min (shorts),"Morning, Day, Affirmation, Positive, Energyy, Motivation"
start your day with uplifting affirmations,beauty jess vergeer affirmation beginner 1 min shorts Morning Start Uplifting Day Affirmation Positive Energyy Motivation audio text,beauty,jess vergeer,beginner,<1 min (shorts),"Morning, Start, Uplifting, Day, Affirmation, Positive, Energyy, Motivation"
start your day with a tai chi routine,activity mark boateng fitness intermediate 15 30 minyes Start Tai chi Routine Day Energyy Exercise Balance Rhythm video,activity,mark boateng,intermediate,15 - 30 min,"Start, Tai chi, Routine, Day, Energyy, Exercise, Balance, Rhythm"
start your morning right with positive affirmations,beauty mark boateng affirmation beginner 1 min shorts Morning Right Affirmation Positive Energyy Motivation audio text,beauty,mark boateng,beginner,<1 min (shorts),"Morning, Right, Affirmation, Positive, Energyy, Motivation"
stress management techniques,beauty rest iain mcbride meditation mindfulness intermediate 15 30 minno Wellness Stress Coping strategies audio visualization,"beauty, rest",iain mcbride,intermediate,15 - 30 min,"Wellness, Stress, Coping strategies"
stress relief with nature sounds,rest mark boateng nature sounds ambient music beginner 15 30 minno Nature Deep Stress audio,rest,mark boateng,beginner,15 - 30 min,"Nature, Deep, Stress"
tai chi for enhancing balance and flexibility,rest activity walerija fitness intermediate 15 30 minyes Flexibility Tai chi Fitness Enhancing Exercise Balance Training Posture video,"rest, activity",walerija,intermediate,15 - 30 min,"Flexibility, Tai chi, Fitness, Enhancing, Exercise, Balance, Training, Posture"
techniques for mindful living,beauty rest ola kwiatkowska meditation mindfulness intermediate 15 30 minno Awareness Techniques Life Calm Mindful Presence Focus audio visualization,"beauty, rest",ola kwiatkowska,intermediate,15 - 30 min,"Awareness, Techniques, Life, Calm, Mindful, Presence, Focus"
the art of cooking nutritious meals,nutrition iain mcbride recipes intermediate 15 30 minno Meal Kitchen Planning Nutrition Art Cooking Health text video,nutrition,iain mcbride,intermediate,15 - 30 min,"Meal, Kitchen, Planning, Nutrition, Art, Cooking, Health"
the art of preparing healthy meals,nutrition jess vergeer recipes intermediate 15 30 minno Meal Kitchen Planning Nutrition Art Cooking Preparationaring Healthy text video,nutrition,jess vergeer,intermediate,15 - 30 min,"Meal, Kitchen, Planning, Nutrition, Art, Cooking, Preparationaring, Healthy"
the benefits of plant-based proteins explained,nutrition jess vergeer education beginner 1-5 minno Diet Vegan Nutrition Plant-based Benefits Protein Health Explained text video,nutrition,jess vergeer,beginner,1-5 min,"Diet, Vegan, Nutrition, Plant-based, Benefits, Protein, Health, Explained"
the importance of hydration for health,nutrition jess vergeer iain mcbride education beginner 1-5 minno Wellness Drink Life Nutrition Hydration Water Importance Health text video,nutrition,"jess vergeer, iain mcbride",beginner,1-5 min,"Wellness, Drink, Life, Nutrition, Hydration, Water, Importance, Health"
the importance of hydration for optimal health,nutrition jess vergeer education beginner 1-5 minno Wellness Drink Life Hydration Water Importance Optimal Health text video,nutrition,jess vergeer,beginner,1-5 min,"Wellness, Drink, Life, Hydration, Water, Importance, Optimal, Health"
the importance of vitamins and minerals,nutrition iain mcbride education intermediate 6-15 minno Minerals Health Vitamins text video,nutrition,iain mcbride,intermediate,6-15 min,"Minerals, Health, Vitamins"
the power of plant-based proteins,nutrition jess vergeer iain mcbride education beginner 1-5 minno Diet Education Vegan Nutrition Plant-based Power Protein Health text video,nutrition,"jess vergeer, iain mcbride",beginner,1-5 min,"Diet, Education, Vegan, Nutrition, Plant-based, Power, Protein, Health"
the power of plant-based proteins unveiled,nutrition jess vergeer education beginner 1-5 minno Diet Vegan Nutrition Plant-based Power Protein Health Unveiled text video,nutrition,jess vergeer,beginner,1-5 min,"Diet, Vegan, Nutrition, Plant-based, Power, Protein, Health, Unveiled"
the role of hydration in maintaining health,nutrition jess vergeer iain mcbride education beginner 1-5 minno Wellness Drink Life Maintaining Hydration Water Role Health text video,nutrition,"jess vergeer, iain mcbride",beginner,1-5 min,"Wellness, Drink, Life, Maintaining, Hydration, Water, Role, Health"
the science behind plant-based proteins,nutrition jess vergeer education beginner 1-5 minno Diet Vegan Nutrition Plant-based Science Behind Protein Health text video,nutrition,jess vergeer,beginner,1-5 min,"Diet, Vegan, Nutrition, Plant-based, Science, Behind, Protein, Health"
the science behind proper hydration,nutrition jess vergeer education beginner 1-5 minno Wellness Drink Hydration Water Proper Science Behind Health text video,nutrition,jess vergeer,beginner,1-5 min,"Wellness, Drink, Hydration, Water, Proper, Science, Behind, Health"
the science of hydration and health,nutrition iain mcbride education beginner 1-5 minno Wellness Drink Life Nutrition Hydration Water Science Health text video,nutrition,iain mcbride,beginner,1-5 min,"Wellness, Drink, Life, Nutrition, Hydration, Water, Science, Health"
the science of hydration for health and wellness,nutrition jess vergeer iain mcbride education beginner 1-5 minno Wellness Drink Life Nutrition Hydration Water Science Health text video,nutrition,"jess vergeer, iain mcbride",beginner,1-5 min,"Wellness, Drink, Life, Nutrition, Hydration, Water, Science, Health"
the science of plant-based proteins,nutrition jess vergeer iain mcbride education beginner 1-5 minno Diet Education Vegan Nutrition Plant-based Science Protein Health text video,nutrition,"jess vergeer, iain mcbride",beginner,1-5 min,"Diet, Education, Vegan, Nutrition, Plant-based, Science, Protein, Health"
the ultimate hiit challenge for fitness enthusiasts,activity nitti fitness expert 30+ minyes Endurance Hiit Fitness Challenge Exercise Ultimate Enthusiasts Training video,activity,nitti,expert,30+ min,"Endurance, Hiit, Fitness, Challenge, Exercise, Ultimate, Enthusiasts, Training"
the ultimate hiit challenge for the fitness fanatics,activity nitti fitness expert 30+ minyes Fanatics Endurance Hiit Fitness Challenge Exercise Ultimate Training video,activity,nitti,expert,30+ min,"Fanatics, Endurance, Hiit, Fitness, Challenge, Exercise, Ultimate, Training"
the ultimate hiit challenge for the fitness savvy,activity mark boateng fitness expert 30+ minyes Endurance Hiit Fitness Challenge Exercise Savvy Ultimate Training video,activity,mark boateng,expert,30+ min,"Endurance, Hiit, Fitness, Challenge, Exercise, Savvy, Ultimate, Training"
the ultimate hiit challenge for the fitness warriors,activity ola kwiatkowska fitness expert 30+ minyes Endurance Hiit Fitness Challenge Exercise Ultimate Training Warriors video,activity,ola kwiatkowska,expert,30+ min,"Endurance, Hiit, Fitness, Challenge, Exercise, Ultimate, Training, Warriors"
the ultimate hiit workout challenge,activity ola kwiatkowska fitness expert 30+ minyes Endurance Hiit Fitness Challenge Workout Exercise Ultimate Training video,activity,ola kwiatkowska,expert,30+ min,"Endurance, Hiit, Fitness, Challenge, Workout, Exercise, Ultimate, Training"
the ultimate hiit workout for fitness enthusiasts,activity walerija fitness expert 30+ minyes Endurance Hiit Fitness Workout Exercise Ultimate Enthusiasts Training video,activity,walerija,expert,30+ min,"Endurance, Hiit, Fitness, Workout, Exercise, Ultimate, Enthusiasts, Training"
the ultimate hiit workout for fitness lovers,activity walerija fitness expert 30+ minyes Endurance Hiit Fitness Lovers Workout Exercise Ultimate Training video,activity,walerija,expert,30+ min,"Endurance, Hiit, Fitness, Lovers, Workout, Exercise, Ultimate, Training"
understanding macronutrients,nutrition jess vergeer education intermediate 6-15 minno Nutrition Wellness Health text video,nutrition,jess vergeer,intermediate,6-15 min,"Nutrition, Wellness, Health"
understanding micronutrients,nutrition jess vergeer iain mcbride education intermediate 6-15 minno Nutrition Micronutrition Health text video,nutrition,"jess vergeer, iain mcbride",intermediate,6-15 min,"Nutrition, Micronutrition, Health"
understanding plant-based proteins,nutrition jess vergeer iain mcbride education beginner 1-5 minno Nutrition Plant-based Protein text video,nutrition,"jess vergeer, iain mcbride",beginner,1-5 min,"Nutrition, Plant-based, Protein"
understanding vitamins and minerals,nutrition jess vergeer education intermediate 6-15 minno Nutrition Minerals Vitamins text video,nutrition,jess vergeer,intermediate,6-15 min,"Nutrition, Minerals, Vitamins"
understanding the importance of hydration,nutrition iain mcbride education beginner 1-5 minno Wellness Drink Life Understanding Hydration Water Importance Health text video,nutrition,iain mcbride,beginner,1-5 min,"Wellness, Drink, Life, Understanding, Hydration, Water, Importance, Health"
understanding the importance of hydration for health,nutrition jess vergeer education beginner 1-5 minno Wellness Drink Life Understanding Hydration Water Importance Health text video,nutrition,jess vergeer,beginner,1-5 min,"Wellness, Drink, Life, Understanding, Hydration, Water, Importance, Health"
understanding the power of plant-based proteins,nutrition jess vergeer iain mcbride education beginner 1-5 minno Diet Vegan Understanding Nutrition Plant-based Power Protein Health text video,nutrition,"jess vergeer, iain mcbride",beginner,1-5 min,"Diet, Vegan, Understanding, Nutrition, Plant-based, Power, Protein, Health"
understanding the role of hydration in overall health,nutrition iain mcbride education beginner 1-5 minno Wellness Drink Understanding Hydration Overall Water Role Health text video,nutrition,iain mcbride,beginner,1-5 min,"Wellness, Drink, Understanding, Hydration, Overall, Water, Role, Health"
unraveling the health benefits of plant-based proteins,nutrition jess vergeer iain mcbride education beginner 1-5 minno Diet Vegan Nutrition Plant-based Unraveling Benefits Protein Health text video,nutrition,"jess vergeer, iain mcbride",beginner,1-5 min,"Diet, Vegan, Nutrition, Plant-based, Unraveling, Benefits, Protein, Health"
unwind with the sounds of a calming ocean,rest bao nature sounds ambient music beginner 30+ minno Peace Unwind Calm Nature Ocean Sounds Deep audio,rest,bao,beginner,30+ min,"Peace, Unwind, Calm, Nature, Ocean, Sounds, Deep"
unwind with the sounds of a tranquil rainforest,rest jess vergeer iain mcbride nature sounds ambient music beginner 30+ minno Rainforest Peace Unwind Tranquil Calm Nature Sounds Deep audio,rest,"jess vergeer, iain mcbride",beginner,30+ min,"Rainforest, Peace, Unwind, Tranquil, Calm, Nature, Sounds, Deep"
vegan protein sources,nutrition iain mcbride education beginner 1-5 minno Nutrition Vegan Protein text video,nutrition,iain mcbride,beginner,1-5 min,"Nutrition, Vegan, Protein"
vitamins and minerals: a comprehensive guide,nutrition iain mcbride education intermediate 6-15 minno Guide Wellness Education Comprehensive Nutrition Minerals Vitamins Health text video,nutrition,iain mcbride,intermediate,6-15 min,"Guide, Wellness, Education, Comprehensive, Nutrition, Minerals, Vitamins, Health"
yoga for better sleep,rest activity mark boateng fitness beginner 15 30 minyes Yoga Deep Sleep video,"rest, activity",mark boateng,beginner,15 - 30 min,"Yoga, Deep, Sleep"
yoga for deep relaxation and sleep,rest activity jess vergeer iain mcbride fitness beginner 15 30 minyes Wellness Night Yoga Peace Deep Calm Sleep video,"rest, activity","jess vergeer, iain mcbride",beginner,15 - 30 min,"Wellness, Night, Yoga, Peace, Deep, Calm, Sleep"
yoga for deep sleep and relaxation,rest activity mark boateng fitness beginner 15 30 minyes Wellness Night Yoga Deep Peace Calm Sleep video,"rest, activity",mark boateng,beginner,15 - 30 min,"Wellness, Night, Yoga, Deep, Peace, Calm, Sleep"
yoga for enhanced balance and strength,rest activity ola kwiatkowska fitness intermediate 15 30 minyes Enhanced Flexibility Yoga Fitness Strength Exercise Balance Training video,"rest, activity",ola kwiatkowska,intermediate,15 - 30 min,"Enhanced, Flexibility, Yoga, Fitness, Strength, Exercise, Balance, Training"
yoga for enhancing agility and strength,rest activity ola kwiatkowska fitness intermediate 15 30 minyes Yoga Fitness Enhancing Strength Exercise Balance Agility Training video,"rest, activity",ola kwiatkowska,intermediate,15 - 30 min,"Yoga, Fitness, Enhancing, Strength, Exercise, Balance, Agility, Training"
yoga for enhancing balance and strength,rest activity jess vergeer iain mcbride fitness intermediate 15 30 minyes Flexibility Yoga Fitness Enhancing Strength Exercise Balance Training video,"rest, activity","jess vergeer, iain mcbride",intermediate,15 - 30 min,"Flexibility, Yoga, Fitness, Enhancing, Strength, Exercise, Balance, Training"
yoga for enhancing flexibility and coordination,rest activity ola kwiatkowska fitness intermediate 15 30 minyes Flexibility Yoga Coordination Fitness Enhancing Exercise Balance Training video,"rest, activity",ola kwiatkowska,intermediate,15 - 30 min,"Flexibility, Yoga, Coordination, Fitness, Enhancing, Exercise, Balance, Training"
yoga for enhancing flexibility and posture,rest activity walerija fitness intermediate 15 30 minyes Flexibility Yoga Fitness Enhancing Exercise Balance Training Posture video,"rest, activity",walerija,intermediate,15 - 30 min,"Flexibility, Yoga, Fitness, Enhancing, Exercise, Balance, Training, Posture"
yoga for enhancing flexibility and strength,rest activity nitti fitness intermediate 15 30 minyes Flexibility Yoga Fitness Enhancing Strength Exercise Balance Training video,"rest, activity",nitti,intermediate,15 - 30 min,"Flexibility, Yoga, Fitness, Enhancing, Strength, Exercise, Balance, Training"
yoga for flexibility,rest activity ola kwiatkowska fitness intermediate 15 30 minyes Balance Flexibility Yoga video,"rest, activity",ola kwiatkowska,intermediate,15 - 30 min,"Balance, Flexibility, Yoga"
yoga for improved flexibility,rest activity nitti fitness intermediate 15 30 minyes Strength Flexibility Yoga video,"rest, activity",nitti,intermediate,15 - 30 min,"Strength, Flexibility, Yoga"
yoga for improving balance and flexibility,rest activity jess vergeer iain mcbride fitness intermediate 15 30 minyes Flexibility Yoga Fitness Improved Strength Exercise Balance Training video,"rest, activity","jess vergeer, iain mcbride",intermediate,15 - 30 min,"Flexibility, Yoga, Fitness, Improved, Strength, Exercise, Balance, Training"
yoga for improving posture and flexibility,rest activity bao fitness intermediate 15 30 minyes Flexibility Yoga Fitness Improved Strength Exercise Training Posture video,"rest, activity",bao,intermediate,15 - 30 min,"Flexibility, Yoga, Fitness, Improved, Strength, Exercise, Training, Posture"
yoga for stress relief,rest activity sophon fitness intermediate 15 30 minyes Deep Yoga Stress video,"rest, activity",sophon,intermediate,15 - 30 min,"Deep, Yoga, Stress"
zumba fitness dance workout,activity walerija fitness intermediate 15 30 minyes Zumba Dance Cardio video,activity,walerija,intermediate,15 - 30 min,"Zumba, Dance, Cardio"
boat pose,rest ola kwiatkowska get know technique beginner 1 min shorts Yoga Body weight Yoga video,rest,ola kwiatkowska,beginner,<1 min (shorts),"Yoga, Body weight, Yoga"
12 muay thai poses,activity bao get know technique beginner 1-5 minyes Muay thai video,activity,bao,beginner,1-5 min,Muay thai
15 min beginners core workout,activity ola kwiatkowska get started short sweet fitness mojo beginner 6-15 minyes Body weight Core audio,activity,ola kwiatkowska,beginner,6-15 min,"Body weight, Core"
15 min bodyweight beginners workout,activity ola kwiatkowska get started body fitness mojo intermediate 6-15 minyes Body weight series X video,activity,ola kwiatkowska,intermediate,6-15 min,"Body weight series, X"
15 min yoga flow for beginners,rest ola kwiatkowska get started short sweet beginner 6-15 minno Yoga Yoga video,rest,ola kwiatkowska,beginner,6-15 min,"Yoga, Yoga"
16 thai-chi poses library,rest bao get know technique beginner 6-15 minno Thai-chi video,rest,bao,beginner,6-15 min,Thai-chi
18 thai stretching poses library,rest sophon get know technique beginner 1-5 minno Thai stretch classes Stretching Thai stretch video,rest,sophon,beginner,1-5 min,"Thai stretch classes, Stretching, Thai stretch"
20 min bodyweight beginners workout,activity ola kwiatkowska body fitness mojo intermediate 15 30 minyes Body weight series Whole body Body weight Strength video,activity,ola kwiatkowska,intermediate,15 - 30 min,"Body weight series, Whole body, Body weight, Strength"
20 min yoga flow for beginners - ola teaches ross,rest ola kwiatkowska floor get started beginner 6-15 minno Yoga Yoga video,rest,ola kwiatkowska,beginner,6-15 min,"Yoga, Yoga"
25 min yoga flow for beginners - ola teaches magda,rest ola kwiatkowska floor get started beginner 6-15 minno Yoga Yoga video,rest,ola kwiatkowska,beginner,6-15 min,"Yoga, Yoga"
31 yoga poses library,activity nitti get know technique beginner 6-15 minyes Yoga video,activity,nitti,beginner,6-15 min,Yoga
4-7-8 breathing,rest julie chinmayi get know technique beginner 6-15 minno Relaxation Breathing unknown,rest,julie chinmayi,beginner,6-15 min,"Relaxation, Breathing"
7 count breath,rest julie chinmayi get know technique beginner 6-15 minno Relaxation Breathing unknown,rest,julie chinmayi,beginner,6-15 min,"Relaxation, Breathing"
apple & cinnamon crumble,nutrition jess vergeer iain mcbride short sweet healthy desserts beginner 6-15 minno Gluten free Vegan Baking Guilt free None Desserts recipe video,nutrition,"jess vergeer, iain mcbride",beginner,6-15 min,"Gluten free, Vegan, Baking, Guilt free, None, Desserts"
basic squat - bodyweight library,activity ola kwiatkowska get know technique beginner 1 min shorts yes Body weight exercises library Library Body weight video,activity,ola kwiatkowska,beginner,<1 min (shorts),"Body weight exercises library, Library, Body weight"
benefits of breathing practices\,rest julie chinmayi get know technique beginner 6-15 minno Relaxation Breathing unknown,rest,julie chinmayi,beginner,6-15 min,"Relaxation, Breathing"
benefits of meditation,rest julie chinmayi meditation mind body beginner 6-15 minno Yoga Relaxation Mindfulness unknown,rest,julie chinmayi,beginner,6-15 min,"Yoga, Relaxation, Mindfulness"
big toe posepadangusthasana,rest ola kwiatkowska get know technique beginner 1 min shorts Yoga Body weight Yoga video,rest,ola kwiatkowska,beginner,<1 min (shorts),"Yoga, Body weight, Yoga"
body awareness,activity walerija push body get energised beginner 6-15 minyes dance whole body video,activity,walerija,beginner,6-15 min,"dance, whole body"
body coordination - extraordinary rhythm,activity walerija push body get energised beginner 1 min shorts yes dance whole body video,activity,walerija,beginner,<1 min (shorts),"dance, whole body"
body scanning meditation,rest julie chinmayi meditation mind body beginner 6-15 minno Yoga Relaxation Mindfulness unknown,rest,julie chinmayi,beginner,6-15 min,"Yoga, Relaxation, Mindfulness"
bodyweight workout advantages & benefits,activity ola kwiatkowska check beginner 6-15 minyes Body weight series Whole body Body weight Strength video,activity,ola kwiatkowska,beginner,6-15 min,"Body weight series, Whole body, Body weight, Strength"
box breathing,rest julie chinmayi get know technique beginner 6-15 minno Relaxation Breathing unknown,rest,julie chinmayi,beginner,6-15 min,"Relaxation, Breathing"
breaking down a balanced diet,nutrition jess vergeer goe academy beginner 6-15 minno Education Building None recipe video,nutrition,jess vergeer,beginner,6-15 min,"Education, Building, None"
breath work meditation,rest julie chinmayi meditation mind body beginner 6-15 minno Yoga Relaxation Mindfulness unknown,rest,julie chinmayi,beginner,6-15 min,"Yoga, Relaxation, Mindfulness"
breathing techniques for health - breath of joy,rest julie chinmayi take breath mind body beginner 6-15 minno Relaxation Breathing video,rest,julie chinmayi,beginner,6-15 min,"Relaxation, Breathing"
breathing techniques for health - loving breath,rest julie chinmayi take breath mind body beginner 6-15 minno Relaxation Breathing video,rest,julie chinmayi,beginner,6-15 min,"Relaxation, Breathing"
breathing techniques for health - grounding breath,rest julie chinmayi take breath mind body beginner 6-15 minno Relaxation Breathing video,rest,julie chinmayi,beginner,6-15 min,"Relaxation, Breathing"
breathing techniques for health - breathing into emotion,rest julie chinmayi take abreath mind body relax beginner 6-15 minno Relaxation Breathing video,rest,julie chinmayi,beginner,6-15 min,"Relaxation, Breathing"
breathing techniques for health - diaphragmatic breath,rest julie chinmayi take breath mind body beginner 6-15 minno Relaxation Breathing video,rest,julie chinmayi,beginner,6-15 min,"Relaxation, Breathing"
breathing techniques for health - heat sensations of the breath,rest julie chinmayi take breath mind body beginner 6-15 minno Relaxation Breathing video,rest,julie chinmayi,beginner,6-15 min,"Relaxation, Breathing"
breathing techniques for health - how breathing can improve your wellness,rest julie chinmayi take breath mind body intermediate 6-15 minno Relaxation Breathing video,rest,julie chinmayi,intermediate,6-15 min,"Relaxation, Breathing"
breathing techniques for health - thought erasing,rest julie chinmayi take breath relax beginner 6-15 minno Relaxation Breathing video,rest,julie chinmayi,beginner,6-15 min,"Relaxation, Breathing"
breathing techniques for health - twisting breath,rest julie chinmayi take breath relax mind body beginner 6-15 minno Relaxation Breathing video,rest,julie chinmayi,beginner,6-15 min,"Relaxation, Breathing"
bridge - bodyweight library,activity ola kwiatkowska get know technique beginner 1 min shorts yes Body weight exercises library Library Body weight video,activity,ola kwiatkowska,beginner,<1 min (shorts),"Body weight exercises library, Library, Body weight"
butterfly pose,rest ola kwiatkowska get know technique beginner 1 min shorts Yoga Body weight Yoga video,rest,ola kwiatkowska,beginner,<1 min (shorts),"Yoga, Body weight, Yoga"
cat and cow - yoga library,rest ola kwiatkowska get know technique beginner 6-15 minno Yoga Body weight Yoga video,rest,ola kwiatkowska,beginner,6-15 min,"Yoga, Body weight, Yoga"
centipede - bodyweight library,activity ola kwiatkowska get know technique beginner 1 min shorts yes Body weight exercises library Library Body weight video,activity,ola kwiatkowska,beginner,<1 min (shorts),"Body weight exercises library, Library, Body weight"
chair pose,rest ola kwiatkowska get know technique beginner 1 min shorts Yoga Body weight Yoga video,rest,ola kwiatkowska,beginner,<1 min (shorts),"Yoga, Body weight, Yoga"
chakra meditation,rest julie chinmayi meditation mind body beginner 1 min shorts Yoga Relaxation Mindfulness unknown,rest,julie chinmayi,beginner,<1 min (shorts),"Yoga, Relaxation, Mindfulness"
childs pose - yoga library,rest ola kwiatkowska get know technique beginner 1 min shorts Yoga Body weight Yoga video,rest,ola kwiatkowska,beginner,<1 min (shorts),"Yoga, Body weight, Yoga"
chocolate mousse & chia seeds,nutrition iain mcbride short sweet healthy desserts quick easy beginner 6-15 minno Vegan Dessert Guilt free None recipe video,nutrition,iain mcbride,beginner,6-15 min,"Vegan, Dessert, Guilt free, None"
combo breathing,rest julie chinmayi get know technique beginner 1 min shorts Relaxation Breathing unknown,rest,julie chinmayi,beginner,<1 min (shorts),"Relaxation, Breathing"
conclusion and summary of the first part of the course,activity walerija push body get energised beginner 6-15 minyes dance whole body video,activity,walerija,beginner,6-15 min,"dance, whole body"
confidence starts with proper silhouette/posture,activity walerija push body get energised beginner 6-15 minyes dance whole body video,activity,walerija,beginner,6-15 min,"dance, whole body"
core office workout,rest ola kwiatkowska stretching yoga beginner 1-5 minno Body weight Yoga video,rest,ola kwiatkowska,beginner,1-5 min,"Body weight, Yoga"
core workout 1,activity mark boateng body floor sweet short intermediate 6-15 minyes Body weight Strength None Core video,activity,mark boateng,intermediate,6-15 min,"Body weight, Strength, None, Core"
core workout 2,activity mark boateng body floor sweet short intermediate 6-15 minyes Body weight Strength None Core video,activity,mark boateng,intermediate,6-15 min,"Body weight, Strength, None, Core"
core workout 3,activity mark boateng body floor sweet short beginner 6-15 minyes Body weight Strength None Core video,activity,mark boateng,beginner,6-15 min,"Body weight, Strength, None, Core"
courtesy - bodyweight library,activity ola kwiatkowska get know technique beginner 1 min shorts yes Body weight exercises library Library Body weight video,activity,ola kwiatkowska,beginner,<1 min (shorts),"Body weight exercises library, Library, Body weight"
crunch with ams - core library,activity ola kwiatkowska get know technique beginner 1 min shorts yes Core Body weight Core video,activity,ola kwiatkowska,beginner,<1 min (shorts),"Core, Body weight, Core"
cuban cha cha cha,activity walerija push body get energised beginner 6-15 minyes dance whole body video,activity,walerija,beginner,6-15 min,"dance, whole body"
dance for the brave. chair dance,activity walerija push body get energised beginner 1 min shorts yes dance whole body video,activity,walerija,beginner,<1 min (shorts),"dance, whole body"
dancer pose,rest ola kwiatkowska get know technique beginner 1 min shorts Yoga Body weight Yoga video,rest,ola kwiatkowska,beginner,<1 min (shorts),"Yoga, Body weight, Yoga"
deadlift - bodyweight library,activity ola kwiatkowska get know technique beginner 1 min shorts yes Body weight exercises library Library Body weight video,activity,ola kwiatkowska,beginner,<1 min (shorts),"Body weight exercises library, Library, Body weight"
desk stretches workout,rest ola kwiatkowska stretching yoga beginner 1-5 minno Body weight Yoga video,rest,ola kwiatkowska,beginner,1-5 min,"Body weight, Yoga"
developing body flexibility. free and flexible body,activity walerija push body get energised beginner 1 min shorts yes dance whole body video,activity,walerija,beginner,<1 min (shorts),"dance, whole body"
down dog - yoga library,rest ola kwiatkowska get know technique beginner 1 min shorts Yoga Body weight Yoga video,rest,ola kwiatkowska,beginner,<1 min (shorts),"Yoga, Body weight, Yoga"
dynamic cardio,activity mark boateng body push intermediate 6-15 minyes Cardio None Body weight video,activity,mark boateng,intermediate,6-15 min,"Cardio, None, Body weight"
eagle pose/garudasana,rest ola kwiatkowska get know technique beginner 1 min shorts Yoga Body weight Yoga video,rest,ola kwiatkowska,beginner,<1 min (shorts),"Yoga, Body weight, Yoga"
easy pose,rest ola kwiatkowska get know technique beginner 1 min shorts Yoga Body weight Yoga video,rest,ola kwiatkowska,beginner,<1 min (shorts),"Yoga, Body weight, Yoga"
emotional release - abdominal breath,rest julie chinmayi take breath mind body intermediate 6-15 minno Relaxation Breathing video,rest,julie chinmayi,intermediate,6-15 min,"Relaxation, Breathing"
emotional release - humming bee breath,rest julie chinmayi take breath mind body intermediate 6-15 minno Relaxation Breathing video,rest,julie chinmayi,intermediate,6-15 min,"Relaxation, Breathing"
emotional release - ma chanting,rest julie chinmayi meditation mind body beginner 6-15 minno Emotional Emotional video,rest,julie chinmayi,beginner,6-15 min,"Emotional, Emotional"
emotional release lions breath,rest julie chinmayi take breath intermediate 6-15 minno Relaxation Breathing video,rest,julie chinmayi,intermediate,6-15 min,"Relaxation, Breathing"
energetic salsa,activity walerija push body get energised beginner 1 min shorts yes dance whole body video,activity,walerija,beginner,<1 min (shorts),"dance, whole body"
family friendly yoga with kids,rest julie chinmayi mind body evening routine beginner 6-15 minno Yoga video,rest,julie chinmayi,beginner,6-15 min,Yoga
feminine dance,activity walerija push body get energised beginner 6-15 minyes dance whole body video,activity,walerija,beginner,6-15 min,"dance, whole body"
feminine energy. spain,activity walerija push body get energised beginner 6-15 minyes dance whole body video,activity,walerija,beginner,6-15 min,"dance, whole body"
feminine sensuality,activity walerija push body get energised beginner 1 min shorts yes dance whole body video,activity,walerija,beginner,<1 min (shorts),"dance, whole body"
food for fuel,nutrition jess vergeer goe academy beginner 6-15 minno Education Building None recipe video,nutrition,jess vergeer,beginner,6-15 min,"Education, Building, None"
forward fold,rest ola kwiatkowska get know technique beginner 1 min shorts Yoga Body weight Yoga video,rest,ola kwiatkowska,beginner,<1 min (shorts),"Yoga, Body weight, Yoga"
full crunch - core library,activity ola kwiatkowska get know technique beginner 1 min shorts yes Core Body weight Core video,activity,ola kwiatkowska,beginner,<1 min (shorts),"Core, Body weight, Core"
gratitude meditation,rest julie chinmayi meditation mind body beginner 1 min shorts Yoga Relaxation Mindfulness unknown,rest,julie chinmayi,beginner,<1 min (shorts),"Yoga, Relaxation, Mindfulness"
hiit - high intensity interval training workout 1,activity mark boateng push body get energised beginner 6-15 minyes Hiit None Body weight Cardio Strength video,activity,mark boateng,beginner,6-15 min,"Hiit, None, Body weight, Cardio, Strength"
hiit - high intensity interval training workout 3,activity mark boateng push body intermediate 6-15 minyes Hiit None Body weight Cardio Strength video,activity,mark boateng,intermediate,6-15 min,"Hiit, None, Body weight, Cardio, Strength"
hiit - high intensity interval training workout 4,activity mark boateng push body get energised intermediate 6-15 minyes Hiit None Body weight Cardio Strength video,activity,mark boateng,intermediate,6-15 min,"Hiit, None, Body weight, Cardio, Strength"
hiit- high intensity interval training workout 2,activity mark boateng push body get energised intermediate 6-15 minyes Hiit None Body weight Cardio Strength video,activity,mark boateng,intermediate,6-15 min,"Hiit, None, Body weight, Cardio, Strength"
half lotus - yoga library,rest ola kwiatkowska get know technique beginner 1 min shorts Yoga Body weight Yoga video,rest,ola kwiatkowska,beginner,<1 min (shorts),"Yoga, Body weight, Yoga"
half lotus forward fold - yoga library,rest ola kwiatkowska get know technique beginner 1 min shorts Yoga Body weight Yoga video,rest,ola kwiatkowska,beginner,<1 min (shorts),"Yoga, Body weight, Yoga"
half lotus with side bend - yoga library,rest ola kwiatkowska get know technique beginner 1 min shorts Yoga Body weight Yoga video,rest,ola kwiatkowska,beginner,<1 min (shorts),"Yoga, Body weight, Yoga"
half moon pose/ardha chandrasana,rest ola kwiatkowska get know technique beginner 1 min shorts Yoga Body weight Yoga video,rest,ola kwiatkowska,beginner,<1 min (shorts),"Yoga, Body weight, Yoga"
heel touch - core library,activity ola kwiatkowska get know technique beginner 1 min shorts yes Core Body weight Core video,activity,ola kwiatkowska,beginner,<1 min (shorts),"Core, Body weight, Core"
high plank - bodyweight library,activity ola kwiatkowska get know technique beginner 1 min shorts yes Body weight exercises library Library Body weight video,activity,ola kwiatkowska,beginner,<1 min (shorts),"Body weight exercises library, Library, Body weight"
high plank - core library,activity ola kwiatkowska get know technique beginner 1 min shorts yes Core Body weight Core video,activity,ola kwiatkowska,beginner,<1 min (shorts),"Core, Body weight, Core"
high plank foot tap - core library,activity ola kwiatkowska get know technique beginner 1 min shorts yes Core Body weight Core video,activity,ola kwiatkowska,beginner,<1 min (shorts),"Core, Body weight, Core"
high plank hand tap - core library,activity ola kwiatkowska get know technique beginner 1 min shorts yes Core Body weight Core video,activity,ola kwiatkowska,beginner,<1 min (shorts),"Core, Body weight, Core"
high plank hip tilt - core library,activity ola kwiatkowska get know technique beginner 1 min shorts yes Core Body weight Core video,activity,ola kwiatkowska,beginner,<1 min (shorts),"Core, Body weight, Core"
high plank knee to chest - core library,activity ola kwiatkowska get know technique beginner 1 min shorts yes Core Body weight Core video,activity,ola kwiatkowska,beginner,<1 min (shorts),"Core, Body weight, Core"
high plank to side plank - core library,activity ola kwiatkowska get know technique beginner 1 min shorts yes Core Body weight Core video,activity,ola kwiatkowska,beginner,<1 min (shorts),"Core, Body weight, Core"
high plank walking fand - core library,activity ola kwiatkowska get know technique beginner 1 min shorts yes Core Body weight Core video,activity,ola kwiatkowska,beginner,<1 min (shorts),"Core, Body weight, Core"
high plank walking to side - core library,activity ola kwiatkowska get know technique beginner 1 min shorts yes Core Body weight Core video,activity,ola kwiatkowska,beginner,<1 min (shorts),"Core, Body weight, Core"
high rope - bodyweight library,activity ola kwiatkowska get know technique beginner 1 min shorts yes Body weight exercises library Library Body weight video,activity,ola kwiatkowska,beginner,<1 min (shorts),"Body weight exercises library, Library, Body weight"
high rope jog - bodyweight library,activity ola kwiatkowska get know technique beginner 1 min shorts yes Body weight exercises library Library Body weight video,activity,ola kwiatkowska,beginner,<1 min (shorts),"Body weight exercises library, Library, Body weight"
hindu squat/utkata konasana,rest ola kwiatkowska get know technique beginner 1 min shorts Yoga Body weight Yoga video,rest,ola kwiatkowska,beginner,<1 min (shorts),"Yoga, Body weight, Yoga"
hooks - bodyweight library,activity ola kwiatkowska get know technique beginner 1 min shorts yes Body weight exercises library Library Body weight video,activity,ola kwiatkowska,beginner,<1 min (shorts),"Body weight exercises library, Library, Body weight"
how yoga can support your wellness journey,rest ola kwiatkowska check beginner 1-5 minno Education Yoga video,rest,ola kwiatkowska,beginner,1-5 min,"Education, Yoga"
how to use core exercises library,activity ola kwiatkowska get know technique beginner 1-5 minyes Education Core video,activity,ola kwiatkowska,beginner,1-5 min,"Education, Core"
hula hoop fun class,activity mark boateng get energised beginner 6-15 minyes Hula hoop None video,activity,mark boateng,beginner,6-15 min,"Hula hoop, None"
input vs output,nutrition jess vergeer goe academy beginner 6-15 minno Education Building None recipe video,nutrition,jess vergeer,beginner,6-15 min,"Education, Building, None"
intro to thai stretching,rest sophon get know technique beginner 1 min shorts Thai stretch classes Stretching Thai stretch video,rest,sophon,beginner,<1 min (shorts),"Thai stretch classes, Stretching, Thai stretch"
jab cross - bodyweight library,activity ola kwiatkowska get know technique beginner 1 min shorts yes Body weight exercises library Library Body weight video,activity,ola kwiatkowska,beginner,<1 min (shorts),"Body weight exercises library, Library, Body weight"
jumping jack - bodyweight library,activity ola kwiatkowska get know technique beginner 1 min shorts yes Body weight exercises library Library Body weight video,activity,ola kwiatkowska,beginner,<1 min (shorts),"Body weight exercises library, Library, Body weight"
jumping jack easy - bodyweight library,activity ola kwiatkowska get know technique beginner 1 min shorts yes Body weight exercises library Library Body weight video,activity,ola kwiatkowska,beginner,<1 min (shorts),"Body weight exercises library, Library, Body weight"
kale smoothie,nutrition iain mcbride short sweet healthy breakfast beginner 1-5 minno Quick Drink Guilt free None Vegan video,nutrition,iain mcbride,beginner,1-5 min,"Quick, Drink, Guilt free, None, Vegan"
kettlebell stretching for muay thai,activity bao get know technique beginner 1-5 minyes Muay thai video,activity,bao,beginner,1-5 min,Muay thai
knee lifts - core library,activity ola kwiatkowska get know technique beginner 1 min shorts yes Core Body weight Core video,activity,ola kwiatkowska,beginner,<1 min (shorts),"Core, Body weight, Core"
knee up - bodyweight library,activity ola kwiatkowska get know technique beginner 1 min shorts yes Body weight exercises library Library Body weight video,activity,ola kwiatkowska,beginner,<1 min (shorts),"Body weight exercises library, Library, Body weight"
knees up toe tap - core library,activity ola kwiatkowska get know technique beginner 1 min shorts yes Core Body weight Core video,activity,ola kwiatkowska,beginner,<1 min (shorts),"Core, Body weight, Core"
learning to walk in heels,activity walerija push body get energised beginner 1 min shorts yes dance whole body video,activity,walerija,beginner,<1 min (shorts),"dance, whole body"
leg extension - core library,activity ola kwiatkowska get know technique beginner 1 min shorts yes Core Body weight Core video,activity,ola kwiatkowska,beginner,<1 min (shorts),"Core, Body weight, Core"
legs extension crunch - core library,activity ola kwiatkowska get know technique beginner 1 min shorts yes Core Body weight Core video,activity,ola kwiatkowska,beginner,<1 min (shorts),"Core, Body weight, Core"
legs extension legs up crunch - core library,activity ola kwiatkowska get know technique beginner 1 min shorts yes Core Body weight Core video,activity,ola kwiatkowska,beginner,<1 min (shorts),"Core, Body weight, Core"
legs extension with pelvis off the floor - core library,activity ola kwiatkowska get know technique beginner 1 min shorts yes Core Body weight Core video,activity,ola kwiatkowska,beginner,<1 min (shorts),"Core, Body weight, Core"
let's try kettlebell training 2,activity mark boateng fitness mojo pulse raiser intermediate 6-15 minyes Strength None Kettlebell video,activity,mark boateng,intermediate,6-15 min,"Strength, None, Kettlebell"
let's try kettlebell training 3,activity mark boateng fitness mojo pulse raiser intermediate 6-15 minyes Strength None Kettlebell video,activity,mark boateng,intermediate,6-15 min,"Strength, None, Kettlebell"
lets' try kettlebell training 1,activity mark boateng fitness mojo pulse raiser intermediate 6-15 minyes Strength None Kettlebell video,activity,mark boateng,intermediate,6-15 min,"Strength, None, Kettlebell"
loctus/salabhasana pose,rest ola kwiatkowska get know technique beginner 1 min shorts Yoga Body weight Yoga video,rest,ola kwiatkowska,beginner,<1 min (shorts),"Yoga, Body weight, Yoga"
loving-kindness meditation,rest julie chinmayi meditation mind body beginner 6-15 minno Yoga Relaxation Mindfulness unknown,rest,julie chinmayi,beginner,6-15 min,"Yoga, Relaxation, Mindfulness"
low lunge - yoga library,rest ola kwiatkowska get know technique beginner 1 min shorts Yoga Body weight Yoga video,rest,ola kwiatkowska,beginner,<1 min (shorts),"Yoga, Body weight, Yoga"
low lunge with a twist - yoga library,rest ola kwiatkowska get know technique beginner 1 min shorts Yoga Body weight Yoga video,rest,ola kwiatkowska,beginner,<1 min (shorts),"Yoga, Body weight, Yoga"
low step - bodyweight library,activity ola kwiatkowska get know technique beginner 1 min shorts yes Body weight exercises library Library Body weight video,activity,ola kwiatkowska,beginner,<1 min (shorts),"Body weight exercises library, Library, Body weight"
lunge - bodyweight library,activity ola kwiatkowska get know technique beginner 1 min shorts yes Body weight exercises library Library Body weight video,activity,ola kwiatkowska,beginner,<1 min (shorts),"Body weight exercises library, Library, Body weight"
lunge forward and back - bodyweight library,activity ola kwiatkowska get know technique beginner 1 min shorts yes Body weight exercises library Library Body weight video,activity,ola kwiatkowska,beginner,<1 min (shorts),"Body weight exercises library, Library, Body weight"
lunge knee to chest - bodyweight library,activity ola kwiatkowska get know technique beginner 1 min shorts yes Body weight exercises library Library Body weight video,activity,ola kwiatkowska,beginner,<1 min (shorts),"Body weight exercises library, Library, Body weight"
lying twist - yoga library,rest ola kwiatkowska get know technique beginner 1 min shorts Yoga Body weight Yoga video,rest,ola kwiatkowska,beginner,<1 min (shorts),"Yoga, Body weight, Yoga"
march - bodyweight library,activity ola kwiatkowska get know technique beginner 1 min shorts yes Body weight exercises library Library Body weight video,activity,ola kwiatkowska,beginner,<1 min (shorts),"Body weight exercises library, Library, Body weight"
meditation - conditioning of the mind,rest julie chinmayi meditation mind body beginner 6-15 minno Yoga Relaxation Mindfulness video,rest,julie chinmayi,beginner,6-15 min,"Yoga, Relaxation, Mindfulness"
meditation - exercises for sitting comfortably,rest julie chinmayi meditation mind body beginner 6-15 minno Yoga Relaxation Mindfulness video,rest,julie chinmayi,beginner,6-15 min,"Yoga, Relaxation, Mindfulness"
meditation - in three minds,rest julie chinmayi meditation mind body beginner 6-15 minno Yoga Relaxation Mindfulness video,rest,julie chinmayi,beginner,6-15 min,"Yoga, Relaxation, Mindfulness"
meditation - poses for sitting comfortably,rest julie chinmayi meditation mind body beginner 6-15 minno Yoga Relaxation Mindfulness video,rest,julie chinmayi,beginner,6-15 min,"Yoga, Relaxation, Mindfulness"
mindfulness meditation,rest julie chinmayi meditation mind body beginner 1 min shorts Yoga Relaxation Mindfulness unknown,rest,julie chinmayi,beginner,<1 min (shorts),"Yoga, Relaxation, Mindfulness"
mountain pose,rest ola kwiatkowska get know technique beginner 1 min shorts Yoga Body weight Yoga video,rest,ola kwiatkowska,beginner,<1 min (shorts),"Yoga, Body weight, Yoga"
muay thai introduction,activity bao get know technique beginner 1 min shorts yes Muay thai video,activity,bao,beginner,<1 min (shorts),Muay thai
muay thai training for beginners,activity bao get know technique beginner 6-15 minyes Muay thai video,activity,bao,beginner,6-15 min,Muay thai
muay thai trainings with people,activity bao get know technique beginner 6-15 minyes Muay thai video,activity,bao,beginner,6-15 min,Muay thai
nature meditation,rest julie chinmayi meditation mind body beginner 6-15 minno Yoga Relaxation Mindfulness unknown,rest,julie chinmayi,beginner,6-15 min,"Yoga, Relaxation, Mindfulness"
opposite hand to knee - core library,activity ola kwiatkowska get know technique beginner 1 min shorts yes Core Body weight Core video,activity,ola kwiatkowska,beginner,<1 min (shorts),"Core, Body weight, Core"
overnight oats,nutrition jess vergeer iain mcbride healthy breakfast short sweet quick easy beginner 6-15 minno Breakfast Vegan None recipe video,nutrition,"jess vergeer, iain mcbride",beginner,6-15 min,"Breakfast, Vegan, None"
pan fried salmon,nutrition jess vergeer iain mcbride dinner beginner 6-15 minno Cooking None Dinner Fish recipe video,nutrition,"jess vergeer, iain mcbride",beginner,6-15 min,"Cooking, None, Dinner, Fish"
"passionate, feminine dance",activity walerija push body get energised beginner 6-15 minyes dance whole body video,activity,walerija,beginner,6-15 min,"dance, whole body"
pelvis off the floor with straight legs -core library,activity ola kwiatkowska get know technique beginner 1 min shorts yes Core Body weight Core video,activity,ola kwiatkowska,beginner,<1 min (shorts),"Core, Body weight, Core"
pigeon/swan pose/eka pada rajakapotasana,rest ola kwiatkowska get know technique beginner 1 min shorts Yoga Body weight Yoga video,rest,ola kwiatkowska,beginner,<1 min (shorts),"Yoga, Body weight, Yoga"
plank alternated foot lift - core library,activity ola kwiatkowska get know technique beginner 1 min shorts yes Core Body weight Core video,activity,ola kwiatkowska,beginner,<1 min (shorts),"Core, Body weight, Core"
plank on knees - core library,activity ola kwiatkowska get know technique beginner 1 min shorts yes Core Body weight Core video,activity,ola kwiatkowska,beginner,<1 min (shorts),"Core, Body weight, Core"
plow pose,rest ola kwiatkowska get know technique beginner 1 min shorts Yoga Body weight Yoga video,rest,ola kwiatkowska,beginner,<1 min (shorts),"Yoga, Body weight, Yoga"
pranayama,rest nitti get know technique intermediate 6-15 minno Pranayama Yoga Breathing video,rest,nitti,intermediate,6-15 min,"Pranayama, Yoga, Breathing"
pranayama - anuloma viloma,rest julie chinmayi take breath mind body intermediate 6-15 minno Pranayama Breathing Yoga video,rest,julie chinmayi,intermediate,6-15 min,"Pranayama, Breathing, Yoga"
pranayama - anuloma viloma (without mudra),rest julie chinmayi take breath mind body intermediate 6-15 minno Pranayama Breathing Yoga video,rest,julie chinmayi,intermediate,6-15 min,"Pranayama, Breathing, Yoga"
pranayama - bhastrika,rest julie chinmayi take breath mind body beginner 6-15 minno Pranayama Breathing Yoga video,rest,julie chinmayi,beginner,6-15 min,"Pranayama, Breathing, Yoga"
pranayama - chandra bhedi,rest julie chinmayi take breath mind body beginner 6-15 minno Pranayama Breathing Yoga video,rest,julie chinmayi,beginner,6-15 min,"Pranayama, Breathing, Yoga"
pranayama - clavicular breathing,rest julie chinmayi take breath mind body beginner 6-15 minno Relaxation Breathing video,rest,julie chinmayi,beginner,6-15 min,"Relaxation, Breathing"
pranayama - introduction to the the yogi's breath,rest julie chinmayi take breath mind body intermediate 6-15 minno Relaxation Breathing video,rest,julie chinmayi,intermediate,6-15 min,"Relaxation, Breathing"
pranayama - lions breath,rest julie chinmayi take breath mind body beginner 6-15 minno Relaxation Breathing video,rest,julie chinmayi,beginner,6-15 min,"Relaxation, Breathing"
pranayama - nadi shodhana,rest julie chinmayi take breath mind body beginner 6-15 minno Pranayama Breathing Yoga video,rest,julie chinmayi,beginner,6-15 min,"Pranayama, Breathing, Yoga"
pranayama - sama vritti,rest julie chinmayi take breath mind body beginner 6-15 minno Pranayama Breathing Yoga video,rest,julie chinmayi,beginner,6-15 min,"Pranayama, Breathing, Yoga"
pranayama - surya bhedi,rest julie chinmayi take breath mind body beginner 6-15 minno Pranayama Breathing Yoga video,rest,julie chinmayi,beginner,6-15 min,"Pranayama, Breathing, Yoga"
pranayama - thoracic breathing,rest julie chinmayi take breath mind body beginner 6-15 minno Relaxation Breathing video,rest,julie chinmayi,beginner,6-15 min,"Relaxation, Breathing"
pranayama - ujjayi (victorious) breath,rest julie chinmayi take breath mind body beginner 6-15 minno Relaxation Breathing video,rest,julie chinmayi,beginner,6-15 min,"Relaxation, Breathing"
pranayama - yogic breath,rest julie chinmayi take breath mind body intermediate 6-15 minno Relaxation Breathing video,rest,julie chinmayi,intermediate,6-15 min,"Relaxation, Breathing"
pranayama - yogic practice of focusing on breath,rest julie chinmayi take breath mind body intermediate 6-15 minno Relaxation Breathing video,rest,julie chinmayi,intermediate,6-15 min,"Relaxation, Breathing"
pranayama prana shuddhi,rest julie chinmayi take breath relax mind body beginner 6-15 minno Pranayama Breathing Yoga video,rest,julie chinmayi,beginner,6-15 min,"Pranayama, Breathing, Yoga"
prayer - bodyweight library,activity ola kwiatkowska get know technique beginner 1 min shorts yes Body weight exercises library Library Body weight video,activity,ola kwiatkowska,beginner,<1 min (shorts),"Body weight exercises library, Library, Body weight"
push up - bodyweight library,activity ola kwiatkowska get know technique beginner 1 min shorts yes Body weight exercises library Library Body weight video,activity,ola kwiatkowska,beginner,<1 min (shorts),"Body weight exercises library, Library, Body weight"
relaxation - body awareness,rest julie chinmayi relax mind body beginner 6-15 minno Deep video,rest,julie chinmayi,beginner,6-15 min,Deep
relaxation - connecting body and mind,rest julie chinmayi relax mind body intermediate 15 30 minno Deep video,rest,julie chinmayi,intermediate,15 - 30 min,Deep
relaxation - journaling,rest julie chinmayi evening routine relax check beginner 6-15 minno Education Deep audio,rest,julie chinmayi,beginner,6-15 min,"Education, Deep"
relaxation - science of breath,rest julie chinmayi meditation mind body beginner 6-15 minno Relaxation Breathing video,rest,julie chinmayi,beginner,6-15 min,"Relaxation, Breathing"
relaxation - the art of relaxation,rest julie chinmayi relax mind body take breath beginner 6-15 minno Deep video,rest,julie chinmayi,beginner,6-15 min,Deep
relaxation - the importance of sleep,rest julie chinmayi evening routine relax check beginner 1-5 minno Education Deep audio,rest,julie chinmayi,beginner,1-5 min,"Education, Deep"
romantic rumba,activity walerija push body get energised beginner 6-15 minyes dance whole body video,activity,walerija,beginner,6-15 min,"dance, whole body"
seated yoga flow,rest ola kwiatkowska stretching yoga beginner 1-5 minno Body weight Yoga video,rest,ola kwiatkowska,beginner,1-5 min,"Body weight, Yoga"
seated forward fold pose,rest ola kwiatkowska get know technique beginner 1 min shorts Yoga Body weight Yoga video,rest,ola kwiatkowska,beginner,<1 min (shorts),"Yoga, Body weight, Yoga"
self massage for recovery,rest sophon get know technique beginner 1-5 minno Yoga Meditation video,rest,sophon,beginner,1-5 min,"Yoga, Meditation"
shake out your stress. getting rid of extra calories,activity walerija push body get energised beginner 1 min shorts yes dance whole body video,activity,walerija,beginner,<1 min (shorts),"dance, whole body"
shoulder press - bodyweight library,activity ola kwiatkowska get know technique beginner 1 min shorts yes Body weight exercises library Library Body weight video,activity,ola kwiatkowska,beginner,<1 min (shorts),"Body weight exercises library, Library, Body weight"
shoulder stand pose,rest ola kwiatkowska get know technique beginner 1 min shorts Yoga Body weight Yoga video,rest,ola kwiatkowska,beginner,<1 min (shorts),"Yoga, Body weight, Yoga"
shoulder tap - core library,activity ola kwiatkowska get know technique beginner 1 min shorts yes Core Body weight Core video,activity,ola kwiatkowska,beginner,<1 min (shorts),"Core, Body weight, Core"
shoulder blade lift - core library,activity ola kwiatkowska get know technique beginner 1 min shorts yes Core Body weight Core video,activity,ola kwiatkowska,beginner,<1 min (shorts),"Core, Body weight, Core"
side lunge - bodyweight library,activity ola kwiatkowska get know technique beginner 1 min shorts yes Body weight exercises library Library Body weight video,activity,ola kwiatkowska,beginner,<1 min (shorts),"Body weight exercises library, Library, Body weight"
side plank hold - core library,activity ola kwiatkowska get know technique beginner 1 min shorts yes Core Body weight Core video,activity,ola kwiatkowska,beginner,<1 min (shorts),"Core, Body weight, Core"
side plank pulse - core library,activity ola kwiatkowska get know technique beginner 1 min shorts yes Core Body weight Core video,activity,ola kwiatkowska,beginner,<1 min (shorts),"Core, Body weight, Core"
squat knee - bodyweight library,activity ola kwiatkowska get know technique beginner 1 min shorts yes Body weight exercises library Library Body weight video,activity,ola kwiatkowska,beginner,<1 min (shorts),"Body weight exercises library, Library, Body weight"
squat lunge - bodyweight library,activity ola kwiatkowska get know technique beginner 1 min shorts yes Body weight exercises library Library Body weight video,activity,ola kwiatkowska,beginner,<1 min (shorts),"Body weight exercises library, Library, Body weight"
stand and tilt - core library,activity ola kwiatkowska get know technique beginner 1 min shorts yes Core Body weight Core video,activity,ola kwiatkowska,beginner,<1 min (shorts),"Core, Body weight, Core"
standing crunch - core library,activity ola kwiatkowska get know technique beginner 1 min shorts yes Core Body weight Core video,activity,ola kwiatkowska,beginner,<1 min (shorts),"Core, Body weight, Core"
standing twist - core library,activity ola kwiatkowska get know technique beginner 1 min shorts yes Core Body weight Core video,activity,ola kwiatkowska,beginner,<1 min (shorts),"Core, Body weight, Core"
straight leg crunch - core library,activity ola kwiatkowska get know technique beginner 1 min shorts yes Core Body weight Core video,activity,ola kwiatkowska,beginner,<1 min (shorts),"Core, Body weight, Core"
sun warrior pose,rest ola kwiatkowska get know technique beginner 1 min shorts Yoga Body weight Yoga video,rest,ola kwiatkowska,beginner,<1 min (shorts),"Yoga, Body weight, Yoga"
thai stretching class 1 1-7,rest sophon get know technique intermediate 15 30 minno Thai stretch classes Stretching Thai stretch video,rest,sophon,intermediate,15 - 30 min,"Thai stretch classes, Stretching, Thai stretch"
thai stretching class 2 8-13,rest sophon get know technique intermediate 15 30 minno Thai stretch classes Stretching Thai stretch video,rest,sophon,intermediate,15 - 30 min,"Thai stretch classes, Stretching, Thai stretch"
thai stretching class 3 14-19,rest sophon get know technique intermediate 15 30 minno Thai stretch classes Stretching Thai stretch video,rest,sophon,intermediate,15 - 30 min,"Thai stretch classes, Stretching, Thai stretch"
thai-chi introduction,rest bao get know technique beginner 1 min shorts Thai-chi video,rest,bao,beginner,<1 min (shorts),Thai-chi
thai-chi for beginners 1,rest bao get know technique beginner 6-15 minno Thai-chi video,rest,bao,beginner,6-15 min,Thai-chi
thai-chi for beginners 2,rest bao get know technique beginner 6-15 minno Thai-chi video,rest,bao,beginner,6-15 min,Thai-chi
thai-chi for beginners 3,rest bao get know technique beginner 6-15 minno Thai-chi video,rest,bao,beginner,6-15 min,Thai-chi
thai-chi with ross,rest bao get know technique beginner 6-15 minno Thai-chi video,rest,bao,beginner,6-15 min,Thai-chi
tree pose/vrikshasana,rest ola kwiatkowska get know technique beginner 1 min shorts Yoga Body weight Yoga video,rest,ola kwiatkowska,beginner,<1 min (shorts),"Yoga, Body weight, Yoga"
triangle pose/trikonasana,rest ola kwiatkowska get know technique beginner 1 min shorts Yoga Body weight Yoga video,rest,ola kwiatkowska,beginner,<1 min (shorts),"Yoga, Body weight, Yoga"
tricep dips - bodyweight library,activity ola kwiatkowska get know technique beginner 1 min shorts yes Body weight exercises library Library Body weight video,activity,ola kwiatkowska,beginner,<1 min (shorts),"Body weight exercises library, Library, Body weight"
tricep push up - bodyweight library,activity ola kwiatkowska get know technique beginner 1 min shorts yes Body weight exercises library Library Body weight video,activity,ola kwiatkowska,beginner,<1 min (shorts),"Body weight exercises library, Library, Body weight"
"turkey, red kidney bean and mediterranean stew",nutrition jess vergeer iain mcbride dinner beginner 6-15 minno Cooking Meat Dinner None recipe video,nutrition,"jess vergeer, iain mcbride",beginner,6-15 min,"Cooking, Meat, Dinner, None"
upper cut - bodyweight library,activity ola kwiatkowska get know technique beginner 1 min shorts yes Body weight exercises library Library Body weight video,activity,ola kwiatkowska,beginner,<1 min (shorts),"Body weight exercises library, Library, Body weight"
upward facing dog/urdhva mukha shvanasana,rest ola kwiatkowska get know technique beginner 1 min shorts Yoga Body weight Yoga video,rest,ola kwiatkowska,beginner,<1 min (shorts),"Yoga, Body weight, Yoga"
vegan meringue,nutrition jess vergeer iain mcbride healthy dessert beginner 6-15 minno Vegan Desserts Guilt free None recipe video,nutrition,"jess vergeer, iain mcbride",beginner,6-15 min,"Vegan, Desserts, Guilt free, None"
walking meditation,rest julie chinmayi meditation mind body intermediate 1-5 minno Yoga Relaxation Mindfulness video,rest,julie chinmayi,intermediate,1-5 min,"Yoga, Relaxation, Mindfulness"
warrior 1 pose/virabhadrasana,rest ola kwiatkowska get know technique beginner 1 min shorts Yoga Body weight Yoga video,rest,ola kwiatkowska,beginner,<1 min (shorts),"Yoga, Body weight, Yoga"
warrior 2/virabhadrasana ii,rest ola kwiatkowska get know technique beginner 1 min shorts Yoga Body weight Yoga video,rest,ola kwiatkowska,beginner,<1 min (shorts),"Yoga, Body weight, Yoga"
warrior 3/virabhadrasana iii,rest ola kwiatkowska get know technique beginner 1 min shorts Yoga Body weight Yoga video,rest,ola kwiatkowska,beginner,<1 min (shorts),"Yoga, Body weight, Yoga"
what does it mean to meditate,rest julie chinmayi meditation mind body beginner 1-5 minno Yoga Relaxation Mindfulness audio,rest,julie chinmayi,beginner,1-5 min,"Yoga, Relaxation, Mindfulness"
what is yoga nidra,rest julie chinmayi mind body beginner 1-5 minno Education Yoga video,rest,julie chinmayi,beginner,1-5 min,"Education, Yoga"
what is meditation,rest julie chinmayi meditation mind body beginner 6-15 minno Yoga Relaxation Mindfulness unknown,rest,julie chinmayi,beginner,6-15 min,"Yoga, Relaxation, Mindfulness"
what it is and how to use bodyweight exercises library,activity ola kwiatkowska get know technique beginner 1 min shorts yes Body weight exercises library Library Body weight video,activity,ola kwiatkowska,beginner,<1 min (shorts),"Body weight exercises library, Library, Body weight"
whole body dumbbell workout - intermediate 1,activity mark boateng pulse raiser intermediate 6-15 minyes Strength Whole body Dumbell None video,activity,mark boateng,intermediate,6-15 min,"Strength, Whole body, Dumbell, None"
whole body dumbbell workout - intermediate 2,activity mark boateng pulse raiser intermediate 6-15 minyes Strength Whole body Dumbell None video,activity,mark boateng,intermediate,6-15 min,"Strength, Whole body, Dumbell, None"
whole body dumbbell workout - intermediate 3,activity mark boateng pulse raiser intermediate 6-15 minyes Strength Whole body Dumbell None video,activity,mark boateng,intermediate,6-15 min,"Strength, Whole body, Dumbell, None"
why is releasing your emotions a good thing?,rest julie chinmayi check beginner 6-15 minno Emotional None audio,rest,julie chinmayi,beginner,6-15 min,"Emotional, None"
why you should keep your core strong,activity ola kwiatkowska check beginner 6-15 minyes Education Core audio,activity,ola kwiatkowska,beginner,6-15 min,"Education, Core"
wide - legged standing forward bend,rest ola kwiatkowska get know technique beginner 1 min shorts Yoga Body weight Yoga video,rest,ola kwiatkowska,beginner,<1 min (shorts),"Yoga, Body weight, Yoga"
wide squat - bodyweight library,activity ola kwiatkowska get know technique beginner 1 min shorts yes Body weight exercises library Library Body weight video,activity,ola kwiatkowska,beginner,<1 min (shorts),"Body weight exercises library, Library, Body weight"
wide squat hold - bodyweight library,activity ola kwiatkowska get know technique beginner 1 min shorts yes Body weight exercises library Library Body weight video,activity,ola kwiatkowska,beginner,<1 min (shorts),"Body weight exercises library, Library, Body weight"
wide squat pulse - bodyweight library,activity ola kwiatkowska get know technique beginner 1 min shorts yes Body weight exercises library Library Body weight video,activity,ola kwiatkowska,beginner,<1 min (shorts),"Body weight exercises library, Library, Body weight"
workout with resistance bands for beginners,activity mark boateng get started beginner 6-15 minyes Strength None Resistance bands video,activity,mark boateng,beginner,6-15 min,"Strength, None, Resistance bands"
yoga - poses library,rest ola kwiatkowska get know technique beginner 1 min shorts Yoga Body weight Yoga video,rest,ola kwiatkowska,beginner,<1 min (shorts),"Yoga, Body weight, Yoga"
yoga - the moon salutation,rest julie chinmayi mind body evening routine beginner 6-15 minno Yoga video,rest,julie chinmayi,beginner,6-15 min,Yoga
yoga - the sun salutation,rest julie chinmayi mind body morning routine beginner 6-15 minno Yoga video,rest,julie chinmayi,beginner,6-15 min,Yoga
yoga for becoming advanced,activity nitti get know technique advanced 6-15 minyes Yoga video,activity,nitti,advanced,6-15 min,Yoga
yoga for beginners,activity nitti get know technique beginner 6-15 minyes Yoga video,activity,nitti,beginner,6-15 min,Yoga
yoga for beginners with klaudia,activity nitti get know technique beginner 6-15 minyes Yoga video,activity,nitti,beginner,6-15 min,Yoga
yoga for concentration,rest julie chinmayi mind body intermediate 15 30 minno Yoga video,rest,julie chinmayi,intermediate,15 - 30 min,Yoga
yoga for cyclists by julie,rest julie chinmayi mind body beginner 6-15 minno Yoga video,rest,julie chinmayi,beginner,6-15 min,Yoga
yoga for energy,rest julie chinmayi mind body intermediate 15 30 minno Yoga video,rest,julie chinmayi,intermediate,15 - 30 min,Yoga
yoga for grumpy knees,rest julie chinmayi mind body beginner 6-15 minno Yoga video,rest,julie chinmayi,beginner,6-15 min,Yoga
yoga for intermediate,activity nitti get know technique intermediate 6-15 minyes Yoga video,activity,nitti,intermediate,6-15 min,Yoga
yoga for relaxation,rest julie chinmayi relax mind body intermediate 15 30 minno Pranayama Breathing Yoga video,rest,julie chinmayi,intermediate,15 - 30 min,"Pranayama, Breathing, Yoga"
yoga for the lower back,rest julie chinmayi mind body beginner 6-15 minno Yoga video,rest,julie chinmayi,beginner,6-15 min,Yoga
yoga foundations - concentration,rest julie chinmayi mind body beginner 6-15 minno Yoga Yoga video,rest,julie chinmayi,beginner,6-15 min,"Yoga, Yoga"
yoga foundations - finding balance,rest julie chinmayi mind body intermediate 15 30 minno Yoga Yoga Deep video,rest,julie chinmayi,intermediate,15 - 30 min,"Yoga, Yoga, Deep"
yoga foundations - non-attachment,rest julie chinmayi mind body beginner 6-15 minno Emotional Yoga video,rest,julie chinmayi,beginner,6-15 min,"Emotional, Yoga"
yoga foundations - relaxation by julie,rest julie chinmayi take breath mind body intermediate 15 30 minno Yoga Yoga Deep video,rest,julie chinmayi,intermediate,15 - 30 min,"Yoga, Yoga, Deep"
